id,season,city_new,city,date,team1,team2,toss_winner,winner_new,winner,Bat1,Bat2,Bat3,Bat4,Bat5,Bat6,Bat7,Bat8,Bat9,Bat10,Bat11,Bowl1,Bowl2,Bowl3,Bowl4,Bowl5,Bowl6,Bowl7,Bowl8,Bowl9,Bowl10,Bowl11
1,2017,Hyderabad,Hyderabad,4/5/2017,Sunrisers Hyderabad,Royal Challengers Bangalore,Royal Challengers Bangalore,Sunrisers Hyderabad,1,-0.401919681,6.105912889,0.862923329,1.882801523,-7.814750408,3.001298452,1.145472867,3.625391205,2.385376319,0.457643531,-6.683852308,-8.08425,3.90625,5.088333333,16.0015,-9.568916667,13.9535,-11.4015,-5.305,7.348083333,0.923916667,3.4265
2,2017,Pune,Pune,4/6/2017,Mumbai Indians,Rising Pune Supergiant,Rising Pune Supergiant,Rising Pune Supergiant,1,5.022981997,-2.643038593,0.353027386,3.227763142,16.03677227,4.10741252,-8.1098081,-13.56758252,-2.6939566,-2.559133333,-3.121893491,0,0,-16.2805,15.66216667,-6.375,-2.522083333,0.76575,0.19375,-10.77708333,-0.968333333,4.701666667
3,2017,Rajkot,Gujarat,4/7/2017,Gujarat Lions,Kolkata Knight Riders,Kolkata Knight Riders,Kolkata Knight Riders,0,-2.980953268,-1.400564566,1.987580041,-1.525243612,-2.185705669,3.861551064,0.167336649,-1.299534402,-2.623588136,-1.269501449,-0.173076923,-6.5,6.5,5.643,-5.729166667,-10.5675,15.05641667,-4.360833333,-4.6515,-1.734166667,-2.456083333,-8.867833333
4,2017,Indore,Punjab,4/8/2017,Rising Pune Supergiant,Kings XI Punjab,Kings XI Punjab,Kings XI Punjab,1,1.165676237,3.376942392,-3.365122636,-3.196274076,-6.230250403,1.30862619,1.325165137,-3.39288494,3.155262745,8.163736264,-1.217958974,-6.5,3.25,3.25,1.649083333,4.85,-0.71125,-0.889583333,-19.19966667,3.67875,-0.758333333,-17.4825
5,2017,Bangalore,Bangalore,4/8/2017,Royal Challengers Bangalore,Delhi Daredevils,Royal Challengers Bangalore,Royal Challengers Bangalore,1,12.27049575,5.593676419,-1.9442529,-0.705811647,-1.183390963,-12.392511,2.388378016,1.18433007,-3.676206379,1.122715018,-3.631092697,11.33425,19.95725,0,0,17.9015,-20.3625,4.186,2.047166667,-5.936583333,7.353333333,-6.982416667
6,2017,Hyderabad,Hyderabad,4/9/2017,Gujarat Lions,Sunrisers Hyderabad,Sunrisers Hyderabad,Sunrisers Hyderabad,1,6.920457285,1.841516502,-3.623320577,0.455916827,-4.978545479,-3.334114173,4.771743878,5.742682186,3.285084171,2.545551223,2.426916923,6.5,0.65625,4.1195,18.48066667,3.888333333,-5.18625,-13.53166667,-0.686416667,11.13208333,21.8485,14.26608333
7,2017,Mumbai,Mumbai,4/9/2017,Kolkata Knight Riders,Mumbai Indians,Mumbai Indians,Mumbai Indians,1,-4.185762605,-4.664323965,-1.976601495,1.863153285,0.643097228,4.073203498,4.560995541,1.415410768,-0.036893706,0.266780228,5.048816568,0,0,-6.5,13.0305,-0.985833333,14.80891667,-13.3075,-2.238,1.5475,8.1835,2.698833333
8,2017,Indore,Punjab,4/10/2017,Royal Challengers Bangalore,Kings XI Punjab,Royal Challengers Bangalore,Kings XI Punjab,1,-3.892312296,13.50419541,-8.587876483,0.829051329,3.122785201,5.975770399,1.198145426,-2.675291101,8.988204236,4.792318881,-2.087907692,-16.70725,0,10.50083333,8.1,3.25,-14.6515,-3.22625,1.815833333,5.523833333,3.399583333,-19.34333333
9,2017,Pune,Pune,4/11/2017,Delhi Daredevils,Rising Pune Supergiant,Rising Pune Supergiant,Delhi Daredevils,0,8.770206867,-1.675578269,12.18000858,0.018211367,0.35252332,1.848713724,-5.364114813,-4.646223776,-3.705584561,-2.413133723,1.134807326,3.25,0,-32.5,-4.166666667,8.315916667,-13.8625,16.408,0.18425,-20.46483333,-0.972,8.100833333
10,2017,Mumbai,Mumbai,4/12/2017,Sunrisers Hyderabad,Mumbai Indians,Mumbai Indians,Mumbai Indians,1,-4.652699848,-8.577842675,8.322777776,-0.343299525,3.545766607,4.454813,1.645489879,5.014405551,0.11618396,0.011169834,5.221893491,-0.65625,-6.5,9.142166667,-19.2515,4.93875,9.581666667,6.483333333,0.318666667,-2.705916667,1.80375,0.332
11,2017,Kolkata,Kolkata,4/13/2017,Kings XI Punjab,Kolkata Knight Riders,Kolkata Knight Riders,Kolkata Knight Riders,1,-9.979475653,3.904434859,4.58704405,2.123076978,-1.018581759,-2.506042511,-3.979784472,2.489302472,0.467863541,-4.606593407,-3.045755968,22.48775,3.25,-9.362916667,-4.85,13.8175,-2.416666667,0.99,-6.15375,4.249583333,-1.64375,-1.059416667
12,2017,Bangalore,Bangalore,4/14/2017,Royal Challengers Bangalore,Mumbai Indians,Mumbai Indians,Mumbai Indians,0,8.527186302,7.162417482,2.450681834,5.906022635,-0.915683861,-4.689946187,-5.600285868,-7.666880927,-1.363383472,-3.133985799,-2.883588707,8.08425,-0.25,-11.2305,-17.04333333,17.59958333,-15.64225,1.819833333,9.167833333,0.681083333,3.954166667,3.875833333
13,2017,Rajkot,Gujarat,4/14/2017,Rising Pune Supergiant,Gujarat Lions,Gujarat Lions,Gujarat Lions,1,3.818172661,-2.220774513,-0.335374556,5.632417036,0.403311725,-7.898155667,-4.133369447,-2.714494175,0.027561096,-2.656410256,2.1,6.5,-7.416666667,-8.893,5.729166667,10.65175,0.51825,0.845416667,-15.18933333,2.313333333,1.901666667,16.26833333
14,2017,Kolkata,Kolkata,4/15/2017,Kolkata Knight Riders,Sunrisers Hyderabad,Sunrisers Hyderabad,Kolkata Knight Riders,1,-11.91608404,5.074063565,1.635740536,1.069326784,7.164251149,-0.527436891,-5.14673672,-3.643380374,0.153077667,3.230225934,-2.3724743,15.98775,-8.044166667,-9.7625,-12.7515,6.679166667,-9.870166667,13.29083333,-1.825416667,-4.253416667,-0.399833333,-7.576916667
15,2017,Delhi,Delhi,4/15/2017,Delhi Daredevils,Kings XI Punjab,Delhi Daredevils,Delhi Daredevils,1,0.29086972,-7.608694612,-1.1785323,2.54821906,-4.792379436,0.69278637,6.532501065,1.490961031,2.897892254,-6.632643566,-3.827126207,0,0,-3.25,0,-3.25,-2.514166667,1.561666667,-3.863,10.2165,-0.878,-2.881666667
16,2017,Mumbai,Mumbai,4/16/2017,Gujarat Lions,Mumbai Indians,Mumbai Indians,Mumbai Indians,1,-3.025080713,-3.263759399,-3.964181536,6.539287223,1.899298034,-2.079125506,3.187305848,3.480674453,3.401268132,-7.419432789,2.279116756,-12.63975,-6.5,-12.143,19.5305,12.39225,6.483333333,-2.819583333,3.9375,8.426166667,4.07225,-3.544166667
17,2017,Bangalore,Bangalore,4/16/2017,Rising Pune Supergiant,Royal Challengers Bangalore,Royal Challengers Bangalore,Rising Pune Supergiant,0,-6.476195038,6.119432596,2.097654449,-7.059301732,2.432893204,1.095672018,-5.635796516,0.226923077,4.036518883,1.672523077,-1.043478261,-3.25,0.666666667,5.05,-3.25,2.8055,1.149,15.12791667,-7.00975,0.191666667,4.910416667,-6.1575
18,2017,Delhi,Delhi,4/17/2017,Delhi Daredevils,Kolkata Knight Riders,Delhi Daredevils,Kolkata Knight Riders,0,4.328976758,-5.605798983,-2.891449451,-1.288033465,-3.773797677,0.577087219,10.51228554,-0.964303314,0.26969475,1.137752393,-2.02605016,-10.55041667,-6.5,-3.25,-3.25,-17.0675,8.501666667,0.571666667,-6.396583333,-14.88583333,2.841916667,0.76575
19,2017,Hyderabad,Hyderabad,4/17/2017,Sunrisers Hyderabad,Kings XI Punjab,Kings XI Punjab,Sunrisers Hyderabad,1,1.936608387,4.371372102,1.051311628,2.76692574,-4.830297532,-5.310682526,-7.48427881,-1.143730437,1.607062193,-2.941909814,-10.07202029,6.5,3.90625,4.9125,16.0015,3.25,3.888333333,-5.54125,-0.023083333,11.628,-1.78725,-3.798666667
20,2017,Rajkot,Gujarat,4/18/2017,Royal Challengers Bangalore,Gujarat Lions,Gujarat Lions,Royal Challengers Bangalore,0,-7.322376965,-3.898658083,4.486243906,1.426884695,-2.836204928,4.478293754,-3.833927204,-3.453380938,-0.182679045,-1.321528745,-2.087907692,-14.58425,6.75,0.968833333,-2.479166667,-13.45725,15.88975,-2.4715,-2.776916667,7.835833333,-0.899166667,-15.52083333
21,2017,Hyderabad,Hyderabad,4/19/2017,Sunrisers Hyderabad,Delhi Daredevils,Sunrisers Hyderabad,Sunrisers Hyderabad,1,7.553069156,6.072736225,1.173318433,1.999844236,0.216268114,-3.381727234,-5.365548817,2.456292963,-2.634691469,-4.951738407,-3.439376721,3.25,7.15625,-1.875,19.2515,13.0125,-2.196666667,-13.8625,20.21716667,3.839916667,-5.06025,-2.920666667
22,2017,Indore,Punjab,4/20/2017,Kings XI Punjab,Mumbai Indians,Mumbai Indians,Mumbai Indians,0,6.188658234,6.66291216,0.263684344,-0.581211069,-3.986230262,-4.441287886,-5.621765248,-0.566712002,-0.206444947,7.707015207,-2.0030606,-6.5,3.25,6.5,12.3175,-8.1805,-3.029333333,2.719166667,-2.191416667,-0.339166667,-2.7385,-1.639416667
23,2017,Kolkata,Kolkata,4/21/2017,Kolkata Knight Riders,Gujarat Lions,Gujarat Lions,Gujarat Lions,0,-5.084087933,1.374579259,-1.987580041,1.481079012,5.380760595,-3.861551064,-4.735711453,-4.367829216,-1.196887337,3.438161838,0.900732601,21.71691667,0,-5.643,0,17.0675,-15.05641667,-5.100833333,2.13,6.04025,6.878666667,-0.500416667
24,2017,Mumbai,Mumbai,4/22/2017,Mumbai Indians,Delhi Daredevils,Delhi Daredevils,Mumbai Indians,1,-0.572197466,3.294648817,0.914847956,3.151186749,1.848509629,4.416894904,2.24577834,-7.452380476,-1.284516084,-0.031794098,1.590800794,3.25,-3.25,-3.25,16.2805,10.05641667,16.08166667,-8.792,-0.11275,4.202166667,-1.743583333,-3.065333333
25,2017,Pune,Pune,4/22/2017,Sunrisers Hyderabad,Rising Pune Supergiant,Rising Pune Supergiant,Rising Pune Supergiant,1,-3.102284624,1.478709793,3.370336503,5.178938775,5.381857204,-4.584499963,-9.287945591,-2.414754501,-1.208957949,2.1,1.908284024,0,-15.46083333,1.875,-9.7625,6.763416667,13.158,0.649583333,-21.87633333,-0.606083333,5.405833333,4.557
26,2017,Rajkot,Gujarat,4/23/2017,Kings XI Punjab,Gujarat Lions,Gujarat Lions,Kings XI Punjab,0,0.923481591,-3.377474889,8.208961428,0.597833366,2.541989852,4.480607951,-6.937547222,0.39000066,-0.863448276,4.756410256,-10.26373626,-3.25,6.5,-8.52325,-10.57916667,-9.362916667,0.338916667,8.93,-3.641916667,5.640416667,18.18916667,-15.51
27,2017,Kolkata,Kolkata,4/23/2017,Kolkata Knight Riders,Royal Challengers Bangalore,Royal Challengers Bangalore,Kolkata Knight Riders,1,-12.31800372,-2.524078824,4.835702351,-4.313835119,3.656754964,0.597577507,-1.354079127,3.324895675,1.488228656,-0.420796144,3.398601399,7.9035,6.75,3.25,-1.8,13.8175,-13.81816667,-5.28875,4.015,6.701333333,-1.399583333,2.470416667
28,2017,Mumbai,Mumbai,4/24/2017,Rising Pune Supergiant,Mumbai Indians,Mumbai Indians,Rising Pune Supergiant,0,-5.022981997,-1.042984886,-3.62880698,-2.24402014,-5.220452888,0.003636796,1.655403707,7.233630166,2.630938462,2.878524191,3.121893491,0,0.916666667,-3.25,13.0305,1.614916667,14.931,-10.26916667,1.935666667,4.10775,-0.895,-4.701666667
29,2017,Pune,Pune,4/26/2017,Rising Pune Supergiant,Kolkata Knight Riders,Kolkata Knight Riders,Kolkata Knight Riders,0,8.813799416,-3.595353772,1.652205485,16.18857052,-1.077767288,-8.396215736,-5.644565217,-3.135263568,-4.042223448,-1.713986014,-3.557142857,-15.98775,-7.416666667,-3.25,6.5,10.65175,2.5905,2.475,-18.66791667,-1.63875,3.1875,2.402083333
30,2017,Bangalore,Bangalore,4/27/2017,Royal Challengers Bangalore,Gujarat Lions,Gujarat Lions,Gujarat Lions,0,10.38480612,3.898658083,1.762279892,-0.409445068,-1.112546343,-2.790648154,-1.33521767,-8.603076923,5.702114826,9.110769231,0.476369231,14.58425,-6.75,-3.843,10.40333333,-15.65125,-3.25,1.428333333,-10.66541667,9.063666667,-1.737083333,28.85375
31,2017,Kolkata,Kolkata,4/28/2017,Delhi Daredevils,Kolkata Knight Riders,Kolkata Knight Riders,Kolkata Knight Riders,1,-4.363014885,3.694722746,1.85200865,3.06917102,-7.79866573,2.134917264,5.690719064,-0.680190978,-3.932873932,0.70540445,0.182893317,19.23775,3.25,3.25,6.5,-20.3625,8.231666667,13.80041667,3.699666667,7.077166667,-2.0565,-1.551166667
32,2017,Chandigarh,Punjab,4/28/2017,Sunrisers Hyderabad,Kings XI Punjab,Kings XI Punjab,Sunrisers Hyderabad,0,-10.05888655,-4.371372102,4.545977814,-1.053750193,-2.764487174,5.310682526,-1.166952248,-0.502455753,1.025096138,3.027116915,-0.373070769,-6.5,-3.90625,1.875,-7.9015,-13.0125,-3.888333333,12.30083333,-9.131916667,-2.155583333,-1.784083333,-8.559833333
33,2017,Pune,Pune,4/29/2017,Rising Pune Supergiant,Royal Challengers Bangalore,Royal Challengers Bangalore,Rising Pune Supergiant,1,4.139156551,-6.119432596,-2.097654449,7.059301732,5.05107875,-3.439027095,-6.998644344,-6.167875113,0.161437235,-3.977939001,0.012092308,-4.674166667,-0.666666667,-5.05,3.25,17.15175,1.7565,-2.81375,-17.96625,3.549166667,1.0025,0.7475
34,2017,Rajkot,Gujarat,4/29/2017,Gujarat Lions,Mumbai Indians,Gujarat Lions,Mumbai Indians,0,3.06242915,0,0,0,0,2.046148552,-4.200492567,-5.74296355,-8.785755968,4.380586081,-1.611538462,0,0,0,0,0,0.2385,-2.230833333,-1.4085,-2.829583333,8.1645,13.33291667
35,2017,Chandigarh,Punjab,4/30/2017,Delhi Daredevils,Kings XI Punjab,Kings XI Punjab,Kings XI Punjab,1,-2.505817392,7.608694612,-0.209712114,4.679855446,0.946094042,0.281348642,-6.532501065,-3.125987255,-0.159419526,7.23028083,-0.965192674,-3.25,0,0,0,11.35,-2.335833333,-1.561666667,4.678833333,-4.873583333,13.70833333,-11.99
36,2017,Hyderabad,Hyderabad,4/30/2017,Sunrisers Hyderabad,Kolkata Knight Riders,Kolkata Knight Riders,Sunrisers Hyderabad,1,11.91608404,0.466937243,-1.718131018,-1.069326784,-1.776392007,2.433116913,3.643380374,-0.720509067,-0.336843761,-5.465426881,-0.173076923,-15.98775,0.65625,-5.125,12.7515,-0.805,6.5,1.825416667,3.208416667,-2.421416667,-2.154916667,1.994666667
37,2017,Mumbai,Mumbai,5/1/2017,Royal Challengers Bangalore,Mumbai Indians,Royal Challengers Bangalore,Mumbai Indians,1,-6.709841429,1.000636988,0.52206237,-2.450681834,3.370347328,-0.007402032,-1.077005885,7.569336032,-2.300846694,-4.190824922,3.133985799,6.75,-3.25,-11.17416667,11.2305,15.64225,-3.875583333,-0.3225,-2.6925,-0.6375,-35.15125,-3.954166667
38,2017,Pune,Pune,5/1/2017,Gujarat Lions,Rising Pune Supergiant,Rising Pune Supergiant,Rising Pune Supergiant,1,6.88060181,2.448028646,-0.335374556,5.632417036,-1.284333875,-6.210510066,-10.38027667,-7.503092784,-0.56665641,1.724175824,0.488461538,6.5,-0.916666667,-8.893,5.729166667,-1.988,13.158,-2.625833333,-16.53791667,3.014166667,10.06616667,29.60125
39,2017,Delhi,Delhi,5/2/2017,Sunrisers Hyderabad,Delhi Daredevils,Delhi Daredevils,Delhi Daredevils,1,-7.553069156,-4.161659988,-1.915015188,-0.21870668,-0.358525257,8.718084193,0.029191858,-2.456292963,4.269717692,4.760022431,3.033455433,-3.25,-3.90625,-1.375,-16.0015,-7.426666667,9.974166667,6.085,-20.21716667,-4.65575,4.211416667,-9.060833333
40,2017,Kolkata,Kolkata,5/3/2017,Kolkata Knight Riders,Rising Pune Supergiant,Rising Pune Supergiant,Rising Pune Supergiant,0,-8.813799416,3.595353772,-7.7563867,-0.414582226,1.782393945,-10.68246684,1.693249525,4.173725106,1.617606838,3.615722739,1.713986014,15.98775,7.416666667,-3.25,2.53875,-0.08425,7.300416667,-12.66916667,1.47675,6.166916667,-1.207916667,-3.1875
41,2017,Delhi,Delhi,5/4/2017,Gujarat Lions,Delhi Daredevils,Delhi Daredevils,Delhi Daredevils,1,-2.452883247,-2.320143486,-5.620726247,0.193045548,0.094953004,-3.287332788,-5.734052895,-2.052612014,-0.819422711,4.575914232,1.421916972,-15.88975,-3.25,-12.143,-3.25,8.065,14.70333333,-2.810083333,-2.3855,-2.478333333,9.720583333,15.13458333
42,2017,Bangalore,Bangalore,5/5/2017,Kings XI Punjab,Royal Challengers Bangalore,Royal Challengers Bangalore,Kings XI Punjab,0,-7.641871275,10.46080623,0.499505322,6.851021499,-1.803186341,3.478202894,-0.947172927,2.507291641,-3.735797142,-1.152967033,2.087907692,3.25,14.58425,-3.5,5.05,-3.25,8.60725,0.288333333,0.976666667,-0.938333333,-4.670416667,19.34333333
43,2017,Hyderabad,Hyderabad,5/6/2017,Rising Pune Supergiant,Sunrisers Hyderabad,Sunrisers Hyderabad,Rising Pune Supergiant,0,3.102284624,4.062291015,-3.370336503,0.008440503,-5.178938775,2.241144885,-3.346495269,2.219224615,2.514754501,-1.849704142,0.445551223,0,8.072916667,-1.875,2.09975,9.7625,-10.2525,11.66458333,1.617,6.813666667,-3.362833333,0.176416667
44,2017,Delhi,Delhi,5/6/2017,Mumbai Indians,Delhi Daredevils,Delhi Daredevils,Mumbai Indians,0,-5.623913986,0.49103986,-1.706252486,-4.932324305,2.262539687,-6.550840417,-1.275414683,-0.744687858,1.1746461,0.476734377,-1.590800794,-13.27916667,-3.25,-15.64225,-19.5305,2.3525,14.70333333,-2.6755,-4.974416667,1.294416667,-16.44683333,3.065333333
45,2017,Bangalore,Bangalore,5/7/2017,Royal Challengers Bangalore,Kolkata Knight Riders,Kolkata Knight Riders,Kolkata Knight Riders,0,-5.664960953,12.31800372,10.46662072,2.946586639,-2.952128307,-2.639315336,0.318991738,1.696521587,-4.600621118,3.850586808,-0.202033136,3.25,-7.9035,-14.05041667,1.8,-3.25,-5.893333333,19.08916667,1.14,-3.755416667,-4.459166667,5.455833333
46,2017,Chandigarh,Punjab,5/7/2017,Kings XI Punjab,Gujarat Lions,Gujarat Lions,Gujarat Lions,0,1.229449729,0.826563155,0.423676581,0.020790008,-0.382096566,-0.78498314,-1.187869714,-1.590756288,-1.993642862,-2.396529435,-2.799416009,-8.168166667,-11.726375,-15.28458333,-18.84279167,-22.401,-25.95920833,-29.51741667,-33.075625,-36.63383333,-40.19204167,-43.75025
47,2017,Hyderabad,Hyderabad,5/8/2017,Mumbai Indians,Sunrisers Hyderabad,Mumbai Indians,Sunrisers Hyderabad,1,1.92915517,4.652699848,0.340860959,-2.932480069,-1.645489879,-12.17653919,3.19113106,-3.780414126,-1.350175385,-5.030177515,-2.556721057,-10.02916667,0.65625,16.2625,-0.279,-6.483333333,-5.632666667,-12.26666667,2.7495,-0.36225,0.144666667,-7.386
48,2017,Chandigarh,Punjab,5/9/2017,Kings XI Punjab,Kolkata Knight Riders,Kolkata Knight Riders,Kings XI Punjab,1, 1.857197,-3.93042,2.024574,-1.71292,-2.12308,2.301252,-11.7891,2.333967,-5.65714,-0.24334,7.973795,-22.4878,3.25,-3.25,0,4.85,5.000417,-16.6092,-1.14675,-2.17967,1.208333,5.445
49,2017,Kanpur,Gujarat,5/10/2017,Gujarat Lions,Delhi Daredevils,Delhi Daredevils,Delhi Daredevils,0,0.632611871,2.320143486,5.620726247,-0.237210147,6.482387714,1.636857195,-0.476896881,-1.100960371,-1.843057555,-0.195328151,-3.631092697,-3.25,3.25,12.143,-2.479166667,-8.203333333,10.30391667,0.526833333,0.221083333,9.545,-1.556083333,-14.632
50,2017,Mumbai,Mumbai,5/11/2017,Kings XI Punjab,Mumbai Indians,Mumbai Indians,Kings XI Punjab,0,8.129731378,-1.66957216,0.710450668,-1.528668697,4.692260385,-1.155643915,-0.378361541,3.870675113,-6.486643956,1.701111418,5.221893491,16.52916667,0,-11.35,16.2805,0.091416667,3.233333333,0.122583333,0.295583333,-0.881666667,4.251916667,-0.119916667
51,2017,Delhi,Delhi,5/12/2017,Delhi Daredevils,Rising Pune Supergiant,Delhi Daredevils,Delhi Daredevils,1,-4.450784532,-0.099368973,-3.504214135,-3.483753246,-0.35252332,-12.07064015,-2.225400857,4.7440461,1.887301587,-1.076227444,2.384938851,-3.25,4.166666667,0,-3.96125,-8.315916667,8.203333333,-0.661333333,3.273666667,-8.718916667,-6.906666667,19.17408333
52,2017,Kanpur,Gujarat,5/13/2017,Gujarat Lions,Sunrisers Hyderabad,Sunrisers Hyderabad,Sunrisers Hyderabad,0,-6.920457285,-1.841516502,3.623320577,3.813076562,4.978545479,11.96488676,-4.979400071,0.299739674,-1.236519045,4.56469428,0,-6.5,-0.65625,-4.1195,0.770833333,-3.888333333,5.880166667,8.93,-6.687,-2.919416667,2.655333333,-10.8625
53,2017,Kolkata,Kolkata,5/13/2017,Mumbai Indians,Kolkata Knight Riders,Kolkata Knight Riders,Mumbai Indians,0,-5.433167588,-1.984363539,-0.495904805,0.209218435,-0.418219021,4.397456952,-7.923017302,-2.52303706,0.737198548,0.984015247,-1.650169618,15.98775,-16.52916667,-13.0305,-6.375,-12.39225,10.58416667,-2.28125,-0.020833333,-0.312916667,-0.657,3.83
54,2017,Pune,Pune,5/14/2017,Kings XI Punjab,Rising Pune Supergiant,Rising Pune Supergiant,Rising Pune Supergiant,1,6.956601924,-1.079163327,-1.175641311,7.943425949,4.842091347,-5.568512101,-7.945817271,-0.304615385,-2.352688386,-1.118832891,-8.163736264,6.5,-7.416666667,0,3.25,-1.492333333,8.308,-2.525416667,0.664583333,-0.629166667,6.341083333,0.758333333
55,2017,Delhi,Delhi,5/14/2017,Royal Challengers Bangalore,Delhi Daredevils,Royal Challengers Bangalore,Royal Challengers Bangalore,0,-7.954988837,7.806577032,-5.179360768,-1.134482341,-5.011338419,4.69855543,-8.928760775,-2.462290552,0.364260461,0.965192674,1.543185005,-11.33425,3.25,3.5,-11.17416667,11.45333333,8.835833333,-3.866083333,2.498583333,-10.8925,-2.209166667,-0.888833333
56,2017,Mumbai,Mumbai,5/16/2017,Rising Pune Supergiant,Mumbai Indians,Mumbai Indians,Rising Pune Supergiant,0,1.173129454,-0.590408833,-0.353027386,-12.34418107,-3.688954403,1.655403707,13.77527483,3.500169231,5.090869228,3.773790463,3.180473373,10.02916667,7.416666667,16.2805,8.91375,12.39225,-10.26916667,-2.232416667,5.87875,17.64375,3.658583333,-3.5075
57,2017,Bangalore,Bangalore,5/17/2017,Sunrisers Hyderabad,Kolkata Knight Riders,Kolkata Knight Riders,Kolkata Knight Riders,0,4.742777311,0.440951935,-1.858782489,-2.436575264,1.749896907,0.547895361,-5.34052709,4.443147784,-1.99623451,-0.336843761,0.018639053,0,7.15625,-15.6925,12.7515,0,2.416666667,-2.394416667,-5.337916667,3.468,-2.421416667,2.8435
58,2017,Bangalore,Bangalore,5/19/2017,Kolkata Knight Riders,Mumbai Indians,Mumbai Indians,Mumbai Indians,0,-1.984363539,-3.790817419,1.01249173,-1.299178099,-8.435940965,-6.993512439,0.037845818,0.340238113,-3.57326239,0.435249366,-0.266780228,-16.52916667,15.98775,-6.375,-13.0305,-16.08166667,-5.091833333,-2.4,1.119583333,3.585833333,2.299583333,-8.1835
59,2017,Hyderabad,Hyderabad,5/21/2017,Mumbai Indians,Rising Pune Supergiant,Mumbai Indians,Mumbai Indians,0,-1.173129454,0.590408833,14.14577952,2.24402014,-0.933141659,-5.766453023,-8.734720648,-6.060099997,-3.673790463,-4.075739645,-0.515300938,-10.02916667,-7.416666667,-9.625,-13.0305,-12.12041667,-2.13975,11.83075,-4.352083333,-18.72125,-1.046083333,-3.174333333
458,2014,Abu Dhabi,Kolkata,4/16/2014,Kolkata Knight Riders,Mumbai Indians,Kolkata Knight Riders,Kolkata Knight Riders,1,-1.495091617,6.575870417,11.92959885,-1.299178099,0.286407636,-2.147140889,1.5389363,-1.093826808,2.116406554,2.394819008,4.467132867,3.25,13.5595,-6.375,-13.0305,-1.82475,10.38666667,-16.16641667,20.96375,-3.72525,2.19075,-1.97925
459,2014,Sharjah,Delhi,4/17/2014,Delhi Daredevils,Royal Challengers Bangalore,Royal Challengers Bangalore,Royal Challengers Bangalore,0,9.053394503,2.031777307,-9.805456075,-3.899252893,4.33416065,1.09445354,1.353402123,-2.401472946,-0.2527663,0.151945788,-1.758863448,7.18625,-3.25,0.25,-4.33875,-2.63775,-13.8465,1.760416667,-3.366666667,-5.4925,-2.881666667,-9.2475
460,2014,Abu Dhabi,Chennai,4/18/2014,Chennai Super Kings,Kings XI Punjab,Chennai Super Kings,Kings XI Punjab,0,4.463906834,0.063371598,4.674632205,8.381214788,-3.986033094,2.162584951,-0.690639998,-0.457123796,-1.514399205,1.474135838,1.525906387,15.88975,-9.747,0.793,-12.30083333,19.3855,0,12.40125,0.954583333,4.545,2.783916667,0.87
461,2014,Abu Dhabi,Hyderabad,4/18/2014,Sunrisers Hyderabad,Rajasthan Royals,Rajasthan Royals,Rajasthan Royals,0,3.704727359,-0.37028215,7.553069156,-1.778258292,-1.327476377,-4.243387775,1.393368903,-5.379768007,0.442856277,-1.095501909,-0.416263756,-14.0375,0.65625,3.25,-16.70725,-2.846166667,-12.53833333,-0.891333333,3.217416667,2.903333333,2.967583333,-1.456916667
462,2014,Dubai,Mumbai,4/19/2014,Mumbai Indians,Royal Challengers Bangalore,Royal Challengers Bangalore,Royal Challengers Bangalore,0,12.70461104,-3.74722487,-15.82092615,2.932480069,-3.895616098,1.145241945,-0.888390347,2.413133723,-2.88577753,-1.46568547,0.42957461,3.25,-3.25,13.125,0.279,10.59225,-11.51066667,18.76016667,0.972,1.932666667,-0.496583333,0.5175
463,2014,Dubai,Kolkata,4/19/2014,Kolkata Knight Riders,Delhi Daredevils,Kolkata Knight Riders,Delhi Daredevils,0,0.799007861,7.281377251,1.481079012,2.83755364,-6.842265362,0.290044431,3.772912954,2.496421739,3.707934936,2.992456272,3.047934971,9.62325,6.5,0,4.083333333,2.60875,13.10625,4.13375,-1.38875,6.35575,15.02108333,-2.029166667
464,2014,Sharjah,Rajasthan,4/20/2014,Rajasthan Royals,Kings XI Punjab,Kings XI Punjab,Kings XI Punjab,0,-5.159268593,4.741654252,-1.097374694,3.478202894,-5.975770399,4.83400029,3.829302321,-1.683940456,-3.852319756,3.684994872,1.590355674,-1.438666667,3.25,-3.25,8.60725,14.6515,0,-2.183333333,10.48383333,-0.116416667,0.705833333,-2.035
465,2014,Abu Dhabi,Chennai,4/21/2014,Chennai Super Kings,Delhi Daredevils,Chennai Super Kings,Chennai Super Kings,1,6.120695359,0.78154566,4.032634239,-0.869816895,0.842339559,0.433996491,3.876351612,3.497627839,-3.033455433,1.529227242,-2.763760684,19.13975,-0.68625,5.643,-0.71125,-10.11375,16.48458333,3.300416667,6.96625,12.55333333,-0.785,-6.566666667
466,2014,Sharjah,Punjab,4/22/2014,Kings XI Punjab,Sunrisers Hyderabad,Sunrisers Hyderabad,Kings XI Punjab,1,1.454541234,-4.371372102,-1.699944602,-3.58354408,0.849683475,-2.135260581,-1.342409684,5.14927821,5.558949542,5.311997856,-1.616167374,15.47616667,-3.90625,8.1,-3.25,-2.5575,4.788833333,1.080083333,-12.26666667,-6.334083333,-0.41275,-3.915083333
467,2014,Dubai,Chennai,4/23/2014,Chennai Super Kings,Rajasthan Royals,Rajasthan Royals,Chennai Super Kings,1,5.436537558,-2.211798652,4.797871886,-1.810360585,8.359735408,-4.055762634,4.14004326,-4.286426117,-3.940110446,-4.756410256,-0.064449286,4.331416667,0,8.893,-16.70725,-11.4015,15.65125,-16.408,3.137916667,8.12,-4.245833333,2.905
468,2014,Sharjah,Kolkata,4/24/2014,Kolkata Knight Riders,Royal Challengers Bangalore,Royal Challengers Bangalore,Kolkata Knight Riders,1,3.84917761,4.185762605,-3.891327303,-2.920601332,1.773953441,3.139507738,3.537760186,3.455168636,3.938004013,0.297036208,4.128937729,16.8095,0,6.75,-8.3,-2.184,-13.8465,-17.8975,0.86325,1.301916667,1.995833333,1.357916667
469,2014,Dubai,Hyderabad,4/25/2014,Sunrisers Hyderabad,Delhi Daredevils,Sunrisers Hyderabad,Sunrisers Hyderabad,1,2.620922541,-0.736367172,3.527330667,1.057946636,-8.844872226,-3.882085321,0.016583514,6.487128493,2.404285949,1.918282974,1.619488229,3.90625,-6.415416667,-10.19833333,-3.25,-1.558416667,1.84625,1.001666667,-12.11416667,7.04575,14.12108333,2.260083333
470,2014,Dubai,Mumbai,4/25/2014,Mumbai Indians,Chennai Super Kings,Mumbai Indians,Chennai Super Kings,0,1.656586697,2.869670876,-9.117294222,0.809991419,-5.537464032,2.257800985,-2.7296882,2.978501961,3.631092697,0.622222222,-1.013926304,0.39075,-3.25,-8.893,9.625,2.335833333,-0.009,-3.25,-0.549,0.277,4.903416667,3.959333333
471,2014,Abu Dhabi,Bangalore,4/26/2014,Royal Challengers Bangalore,Rajasthan Royals,Rajasthan Royals,Rajasthan Royals,0,-5.022981997,-1.511571923,6.137643963,4.160644186,2.958709203,-0.052968446,-4.791713223,0.498844416,-0.562728284,-2.417137673,-1.852202754,0,-3.25,-3.5,4.443166667,-11.65725,-16.41191667,17.0965,2.322833333,1.224666667,2.275833333,9.285833333
472,2014,Abu Dhabi,Punjab,4/26/2014,Kings XI Punjab,Kolkata Knight Riders,Kolkata Knight Riders,Kings XI Punjab,1,-4.257340246,-0.080833799,-2.516190445,-3.516310765,1.159233231,-3.322446277,-0.051830609,3.101019464,-1.105967397,-3.612401884,5.174381174,-3.25,-0.5625,0,11.35,-3.25,-13.8175,10.46083333,-2.162916667,-2.643583333,-0.447083333,2.465
473,2014,Sharjah,Mumbai,4/27/2014,Mumbai Indians,Delhi Daredevils,Mumbai Indians,Delhi Daredevils,0,2.652029724,-5.779002177,-2.910077116,-3.209712437,4.343419109,3.370347328,-0.54800107,4.400296833,2.665900023,-2.411233211,0.515300938,12.34425,0,-3.73875,-7.8625,-3.25,15.64225,-10.74333333,1.635583333,6.4645,13.22258333,3.174333333
474,2014,Sharjah,Hyderabad,4/27/2014,Sunrisers Hyderabad,Chennai Super Kings,Sunrisers Hyderabad,Chennai Super Kings,0,-1.731810199,1.841516502,-2.974687603,5.761987165,-7.57467652,-3.740456396,-2.746674357,-1.09334189,4.951738407,3.660908347,-0.351814469,-18.36891667,0.65625,-8.893,3.25,-0.6925,-3.845916667,15.51666667,0.0795,1.56775,7.213416667,-4.361916667
475,2014,Dubai,Bangalore,4/28/2014,Royal Challengers Bangalore,Kings XI Punjab,Kings XI Punjab,Kings XI Punjab,0,9.966012423,-2.747811747,5.040269269,6.436912097,-2.7925352,-1.221226569,1.131282533,0.522554278,-3.568883005,-0.826781999,-8.175828571,11.33425,-9.747,-6.75,-3.05,16.0015,-3.25,5.802333333,2.136666667,-2.086666667,0.240833333,0.010833333
476,2014,Abu Dhabi,Rajasthan,4/29/2014,Rajasthan Royals,Kolkata Knight Riders,Rajasthan Royals,Rajasthan Royals,1,0.837219392,1.684415832,-2.256448081,1.355125916,-0.597577507,5.793612167,-4.449971806,0.270526561,-0.751300292,-2.390815059,1.156583372,0,0,-13.5595,13.45725,13.81816667,-15.9725,11.16083333,-0.53025,-2.279333333,-5.438583333,-0.571666667
477,2014,Dubai,Hyderabad,4/30/2014,Sunrisers Hyderabad,Mumbai Indians,Mumbai Indians,Sunrisers Hyderabad,1,2.732096635,-0.028967562,-0.777889126,6.737043104,-5.998257382,0.985700635,2.08683166,3.34960234,-0.261614075,4.329516185,1.104187291,-2.479166667,-12.37425,-9.625,-2.335833333,-3.836916667,11.80533333,-13.74975,17.72075,0.58125,0.8985,-0.91425
478,2014,Ranchi,Chennai,5/2/2014,Chennai Super Kings,Kolkata Knight Riders,Chennai Super Kings,Chennai Super Kings,1,-12.31800372,-2.524078824,4.835702351,-4.313835119,3.656754964,0.597577507,-1.354079127,3.324895675,1.488228656,-0.420796144,3.398601399,7.9035,6.75,3.25,-1.8,13.8175,-13.81816667,-5.28875,4.015,6.701333333,-1.399583333,2.470416667
479,2014,Mumbai,Mumbai,5/3/2014,Kings XI Punjab,Mumbai Indians,Kings XI Punjab,Mumbai Indians,1,-3.224484542,-6.210531641,-0.986301285,3.986230262,1.187529013,-1.304989395,1.149559946,-1.487105691,-3.139308395,1.586351724,-7.707015207,-3.25,-16.247,6.375,8.1805,5.585833333,15.64225,-16.59416667,5.705583333,-1.569166667,1.212833333,2.7385
480,2014,Delhi,Delhi,5/3/2014,Delhi Daredevils,Rajasthan Royals,Rajasthan Royals,Rajasthan Royals,0,-2.991204691,1.538597826,4.025738489,6.210510066,1.90970795,1.300433676,-11.81039828,-7.784053956,-1.722954823,-2.467462012,-1.395243167,-3.25,3.93625,13.44833333,-13.158,-3.3435,-14.6515,15.36416667,-3.828333333,-12.565,2.05475,1.255
481,2014,Bangalore,Bangalore,5/4/2014,Sunrisers Hyderabad,Royal Challengers Bangalore,Royal Challengers Bangalore,Royal Challengers Bangalore,1,7.233915788,-4.652699848,4.314459679,-13.82209059,9.893873479,2.037762332,-4.261112983,-3.667828102,-2.151519648,1.13,-1.130925199,13.81341667,-0.65625,-3.5,-6.5,-6.755333333,12.7515,4.260083333,-0.4075,-1.55325,-2.967583333,5.593583333
482,2014,Ahmedabad,Rajasthan,5/5/2014,Rajasthan Royals,Kolkata Knight Riders,Kolkata Knight Riders,Rajasthan Royals,1,7.497548617,-3.031777307,10.80545608,1.53441329,-3.33416065,-3.824451417,-3.163288198,-2.459511714,-0.505250305,-1.012092308,6.618338935,6.398,4.25,-1.25,-7.398333333,1.63775,-4.010416667,-4.25,12.2375,9.70666667,0.2525,-8.428666667
483,2014,Delhi,Delhi,5/5/2014,Delhi Daredevils,Chennai Super Kings,Chennai Super Kings,Chennai Super Kings,0,-0.993303407,-0.78154566,-0.772133398,-5.588252437,-5.859569021,6.816379685,-1.112546343,-1.421794872,0.965192674,3.033455433,-1.529227242,-15.88975,0.68625,4.555333333,0,14.515,13.36375,-15.65125,-2.184583333,-6.1875,-8.319166667,0.785
484,2014,Mumbai,Mumbai,5/6/2014,Mumbai Indians,Royal Challengers Bangalore,Royal Challengers Bangalore,Mumbai Indians,1,-13.19049697,-3.462719894,-6.026570553,-2.450681834,-0.360963823,8.933557113,0.627005668,4.772127501,0.42957461,1.338762082,-2.087907692,-14.58425,-6.5,13.125,11.2305,-10.41566667,18.89225,-18.73083333,1.890583333,0.5175,4.5885,-28.125
485,2014,Delhi,Delhi,5/7/2014,Delhi Daredevils,Kolkata Knight Riders,Delhi Daredevils,Kolkata Knight Riders,0,-1.350712004,-2.156124919,1.779421829,-1.491210434,6.842265362,-7.019430347,0.046230398,-5.939233132,-3.707934936,-2.992456272,-5.465426881,-3.25,0.68625,10.19833333,-10.3095,-2.60875,0.6975,-4.7375,14.53083333,-6.35575,-15.02108333,-2.154916667
486,2014,Cuttack,Punjab,5/7/2014,Kings XI Punjab,Chennai Super Kings,Chennai Super Kings,Kings XI Punjab,1,6.497548617,-4.031777307,9.805456075,0.53441329,-4.33416065,-4.824451417,-4.163288198,-3.459511714,-1.505250305,-2.012092308,5.618338935,5.398,3.25,-2.25,-8.398333333,0.63775,-5.010416667,-5.25,11.2375,8.70666667,-0.7475,-9.428666667
487,2014,Ahmedabad,Rajasthan,5/8/2014,Sunrisers Hyderabad,Rajasthan Royals,Rajasthan Royals,Sunrisers Hyderabad,0,7.497548617,-3.031777307,10.80545608,1.53441329,-3.33416065,-3.824451417,-3.163288198,-2.459511714,-0.505250305,-1.012092308,6.618338935,6.398,4.25,-1.25,-7.398333333,1.63775,-4.010416667,-4.25,12.2375,9.70666667,0.2525,-8.428666667
488,2014,Bangalore,Bangalore,5/9/2014,Kings XI Punjab,Royal Challengers Bangalore,Royal Challengers Bangalore,Kings XI Punjab,0,5.779374555,1.453213041,6.014404281,-6.028738845,6.931654739,0.079615181,5.139766388,-2.918703299,0.624453999,2.230771189,-8.175828571,-1.66275,3.25,-11.6,-1.760416667,5.05,12.7515,0.502333333,3.18,-0.725,6.73625,0.010833333
489,2014,Delhi,Delhi,5/10/2014,Delhi Daredevils,Sunrisers Hyderabad,Sunrisers Hyderabad,Sunrisers Hyderabad,0,0.738506793,-0.054763893,-11.22088127,1.626010104,-5.891671314,4.336599216,-0.020496627,0.564987227,-0.336023189,-2.851738407,-3.469192371,2.479166667,9.542083333,-6.5,0,14.515,0.35125,-14.47075,-8.023333333,-13.41158333,0.345583333,-5.622916667
490,2014,Mumbai,Mumbai,5/10/2014,Mumbai Indians,Chennai Super Kings,Chennai Super Kings,Chennai Super Kings,0,-7.688391376,-6.27390324,-4.686798477,2.318387954,-3.688954403,0.409291357,-3.014193176,2.978501961,2.556721057,1.651246131,-1.056521739,-19.13975,-6.5,0.732,16.2805,12.39225,-10.06541667,0,-0.549,8.127666667,-2.7225,-22.715
491,2014,Cuttack,Punjab,5/11/2014,Kings XI Punjab,Kolkata Knight Riders,Kolkata Knight Riders,Kolkata Knight Riders,0,2.504204305,7.218801569,-9.470542421,9.566397103,0.176989875,-3.791713223,0.067482495,1.498844416,-0.716563249,-0.547188955,-6.497425641,9.08425,-4.5,-18.95725,-10.6015,17.0015,16.0965,-10.16083333,1.322833333,-0.97025,3.136666667,1.680916667
492,2014,Bangalore,Bangalore,5/11/2014,Royal Challengers Bangalore,Rajasthan Royals,Royal Challengers Bangalore,Rajasthan Royals,0,3.504204305,6.218801569,-8.470542421,8.566397103,1.176989875,-4.791713223,1.067482495,0.498844416,0.283436751,-1.547188955,-5.497425641,8.08425,-3.5,-19.95725,-9.6015,16.0015,17.0965,-11.16083333,2.322833333,-1.97025,4.136666667,0.680916667
493,2014,Hyderabad,Hyderabad,5/12/2014,Sunrisers Hyderabad,Mumbai Indians,Sunrisers Hyderabad,Mumbai Indians,0,-4.902840938,8.115419742,11.50646647,3.443599212,-3.525308137,0.358525257,3.634107316,-1.104299399,0.812757566,-0.270155084,3.038686125,-15.75833333,7.15625,-9.625,-13.0305,-12.39225,7.426666667,14.47075,-1.483083333,-3.03525,4.356083333,2.31
494,2014,Ranchi,Chennai,5/13/2014,Rajasthan Royals,Chennai Super Kings,Rajasthan Royals,Chennai Super Kings,1,-2.991204691,1.538597826,4.025738489,6.210510066,1.90970795,1.300433676,-11.81039828,-7.784053956,-1.722954823,-2.467462012,-1.395243167,-3.25,3.93625,13.44833333,-13.158,-3.3435,-14.6515,15.36416667,-3.828333333,-12.565,2.05475,1.255
495,2014,Bangalore,Bangalore,5/13/2014,Royal Challengers Bangalore,Delhi Daredevils,Delhi Daredevils,Royal Challengers Bangalore,1,6.497548617,-2.031777307,9.805456075,2.53441329,-4.33416065,-2.824451417,-4.163288198,-1.459511714,-1.505250305,-0.012092308,5.618338935,7.398,3.25,-0.25,-8.398333333,2.63775,-5.010416667,-3.25,11.2375,10.70666667,-0.7475,-7.428666667
496,2014,Hyderabad,Hyderabad,5/14/2014,Sunrisers Hyderabad,Kings XI Punjab,Kings XI Punjab,Kings XI Punjab,0,-1.454541234,4.371372102,-1.95814715,7.429829474,-2.794973766,-0.313812059,-2.024178812,7.292166565,0.80793093,-3.976689757,-6.602827916,-15.47616667,3.90625,0,-4.85,13.0125,14.47075,-0.034166667,-16.59416667,10.90033333,7.043583333,1.82425
497,2014,Cuttack,Mumbai,5/14/2014,Mumbai Indians,Kolkata Knight Riders,Kolkata Knight Riders,Kolkata Knight Riders,0,7.497548617,-3.031777307,10.80545608,1.53441329,-3.33416065,-3.824451417,-3.163288198,-2.459511714,-0.505250305,-1.012092308,6.618338935,6.398,4.25,-1.25,-7.398333333,1.63775,-4.010416667,-4.25,12.2375,9.70666667,0.2525,-8.428666667
498,2014,Ahmedabad,Rajasthan,5/15/2014,Rajasthan Royals,Delhi Daredevils,Delhi Daredevils,Rajasthan Royals,1,3.504204305,6.218801569,-8.470542421,8.566397103,1.176989875,-4.791713223,1.067482495,0.498844416,0.283436751,-1.547188955,-5.497425641,8.08425,-3.5,-19.95725,-9.6015,16.0015,17.0965,-11.16083333,2.322833333,-1.97025,4.136666667,0.680916667
499,2014,Ranchi,Chennai,5/18/2014,Chennai Super Kings,Royal Challengers Bangalore,Chennai Super Kings,Royal Challengers Bangalore,0,5.779374555,1.453213041,6.014404281,-6.028738845,6.931654739,0.079615181,5.139766388,-2.918703299,0.624453999,2.230771189,-8.175828571,-1.66275,3.25,-11.6,-1.760416667,5.05,12.7515,0.502333333,3.18,-0.725,6.73625,0.010833333
500,2014,Hyderabad,Hyderabad,5/18/2014,Sunrisers Hyderabad,Kolkata Knight Riders,Sunrisers Hyderabad,Kolkata Knight Riders,0,-2.089218797,0.466937243,-3.107089116,4.602125839,2.575226329,0.645799817,-1.925053884,1.076840652,-1.719876467,-0.70540445,-2.365003358,-5.729166667,0.65625,0,-10.5675,-4.7375,-1.50175,10.972,-2.197083333,2.16825,2.0565,0.5115
501,2014,Ahmedabad,Rajasthan,5/19/2014,Mumbai Indians,Rajasthan Royals,Mumbai Indians,Mumbai Indians,0,2.02247141,5.108656756,0,-0.357665659,5.749149905,4.637752237,-8.770206867,0.036050194,-2.269022678,-3.012874425,0.465483235,-3.428083333,0,0,0.546416667,1.869666667,-8.035833333,-3.25,5.441416667,7.370916667,3.640083333,-2.8
502,2014,Delhi,Delhi,5/19/2014,Delhi Daredevils,Kings XI Punjab,Kings XI Punjab,Kings XI Punjab,0,-0.718174062,4.316608209,0.641997965,1.54162545,-1.803186341,-1.640087408,3.032401846,-5.887402523,2.595003126,-0.461547692,-8.222316145,-9.06075,13.44833333,-4.85,13.36375,-3.25,-18.80083333,0.71125,4.07,-10.68241667,11.95541667,-0.435833333
503,2014,Hyderabad,Hyderabad,5/20/2014,Royal Challengers Bangalore,Sunrisers Hyderabad,Royal Challengers Bangalore,Sunrisers Hyderabad,1,-3.874486454,8.125266622,-6.998416419,-0.455916827,-9.893873479,0.838027334,4.261112983,4.808817946,1.145169231,-2.440576289,-1.131410534,-7.428,0,6.75,-18.48066667,6.755333333,4.317916667,-4.260083333,0.593333333,-25.98,10.93058333,6.285083333
504,2014,Kolkata,Kolkata,5/20/2014,Chennai Super Kings,Kolkata Knight Riders,Kolkata Knight Riders,Kolkata Knight Riders,1,0.357408598,1.374579259,-2.551555227,1.159861326,-7.684604921,-1.158776741,-0.103438658,0.79736191,6.025911706,1.490961031,5.657142857,-12.63975,0,-5.643,13.8175,12.7225,-10.91375,0.833333333,0.165,6.701916667,-3.863,-0.48875
505,2014,Chandigarh,Punjab,5/21/2014,Kings XI Punjab,Mumbai Indians,Mumbai Indians,Mumbai Indians,0,-3.448299704,-5.399526476,15.32142083,-3.986230262,-3.036038641,5.41679703,3.139308395,8.928428164,-3.522195713,1.93932547,7.656049084,-0.282166667,0,-9.625,-8.1805,-15.64225,3.25,1.569166667,-1.932916667,1.836833333,-10.71133333,2.48875
506,2014,Kolkata,Kolkata,5/22/2014,Kolkata Knight Riders,Royal Challengers Bangalore,Royal Challengers Bangalore,Kolkata Knight Riders,1,-5.144696992,5.206294669,-3.891327303,-3.609208462,-2.508104712,1.307171725,3.537760186,-1.136927301,3.871396115,3.938004013,4.128937729,-8.08425,6.5,6.75,8.7675,-0.029,6.497916667,-17.8975,10.24058333,-0.615,1.301916667,1.357916667
507,2014,Ranchi,Chennai,5/22/2014,Chennai Super Kings,Sunrisers Hyderabad,Sunrisers Hyderabad,Sunrisers Hyderabad,0,3.84917761,4.185762605,-3.891327303,-2.920601332,1.773953441,3.139507738,3.537760186,3.455168636,3.938004013,0.297036208,4.128937729,16.8095,0,6.75,-8.3,-2.184,-13.8465,-17.8975,0.86325,1.301916667,1.995833333,1.357916667
508,2014,Mumbai,Mumbai,5/23/2014,Mumbai Indians,Delhi Daredevils,Delhi Daredevils,Mumbai Indians,1,4.166473766,1.082918267,3.344232297,1.594382977,-5.400077116,-3.613610688,4.400296833,1.642494505,-1.556804734,0.430506246,3.121893491,9.342916667,-13.44833333,13.0305,12.39225,-3.73875,0,1.635583333,4.85375,-6.507916667,3.312916667,-4.701666667
509,2014,Chandigarh,Punjab,5/23/2014,Kings XI Punjab,Rajasthan Royals,Rajasthan Royals,Kings XI Punjab,1,-2.27517025,-0.209712114,5.638138641,-2.504067882,5.975770399,3.302039015,-5.049926043,0.179181535,-1.447763238,-1.208250989,-1.590355674,9.747,0,0,-13.45725,-14.6515,-15.39408333,0.455,-3.116666667,-3.077083333,10.39225,2.035
510,2014,Bangalore,Bangalore,5/24/2014,Royal Challengers Bangalore,Chennai Super Kings,Chennai Super Kings,Chennai Super Kings,0,-8.721904679,-3.38381152,-9.666971731,-0.215846121,0.604678103,6.153417083,-0.753984611,-1.971530372,-1.482739668,2.889632107,-1.355153345,-19.13975,-3.25,-12.143,-6.75,15.25816667,-10.60125,-1.760416667,2.891666667,1.231666667,4.13325,-5.098083333
511,2014,Kolkata,Kolkata,5/24/2014,Sunrisers Hyderabad,Kolkata Knight Riders,Kolkata Knight Riders,Kolkata Knight Riders,1,-4.742777311,-0.466937243,3.107089116,4.172129752,2.002606864,3.227830767,5.759913166,-1.663895464,1.856278166,2.656433083,1.99623451,0,-0.65625,0,11.26,4.167166667,7.9875,4.899166667,1.421583333,23.50416667,1.6095,-3.468
512,2014,Chandigarh,Punjab,5/25/2014,Delhi Daredevils,Kings XI Punjab,Kings XI Punjab,Kings XI Punjab,1,-1.850124207,3.376942392,-0.641997965,4.675336723,-3.032401846,-4.413775831,3.153856067,3.954751635,5.894972731,2.314484525,-0.970004734,-0.451333333,3.25,4.85,0,-0.71125,-10.11375,18.85125,6.011666667,7.0775,-4.099583333,-1.413333333
513,2014,Mumbai,Mumbai,5/25/2014,Rajasthan Royals,Mumbai Indians,Mumbai Indians,Mumbai Indians,1,2.02247141,5.108656756,0,-0.357665659,5.749149905,4.637752237,-8.770206867,0.036050194,-2.269022678,-3.012874425,0.465483235,-3.428083333,0,0,0.546416667,1.869666667,-8.035833333,-3.25,5.441416667,7.370916667,3.640083333,-2.8
514,2014,Kolkata,Kolkata,5/27/2014,Kolkata Knight Riders,Kings XI Punjab,Kings XI Punjab,Kolkata Knight Riders,1,0.634677563,3.904434859,1.148941966,2.827703635,-5.300639913,1.275682659,-1.037164856,-3.668245742,0.16941078,1.611427181,-4.606593407,-9.747,3.25,0,5.7175,15.9725,-10.81333333,0.833333333,6.419583333,-1.134166667,4.654,-1.64375
515,2014,Mumbai,Mumbai,5/28/2014,Mumbai Indians,Chennai Super Kings,Chennai Super Kings,Chennai Super Kings,0,3.171030738,3.317574766,-3.981845834,1.870484064,2.092223908,-6.242416675,-4.726157031,2.978501961,0.39000066,0.622222222,2.676342268,-2.610583333,0,-3.307166667,13.0305,14.89891667,6.375,-15.65125,-0.549,-3.641916667,4.903416667,-4.878083333
516,2014,Mumbai,Mumbai,5/30/2014,Kings XI Punjab,Chennai Super Kings,Chennai Super Kings,Kings XI Punjab,0,-0.277268966,-2.081951711,-4.674632205,1.730539195,-0.778237656,0.525062922,-11.82247237,3.898381374,0.843837164,10.26373626,-1.474135838,-2.89275,0,-0.793,-3.25,-15.65125,2.506666667,13.34416667,-1.997916667,-2.120416667,5.389166667,-2.783916667
517,2014,Bangalore,Bangalore,6/1/2014,Kings XI Punjab,Kolkata Knight Riders,Kolkata Knight Riders,Kolkata Knight Riders,0,-0.634677563,-3.904434859,-2.61781962,-1.853568622,1.454354519,4.721567121,-4.060314464,3.101019464,-3.981170732,-0.674870564,-4.585727473,9.747,-3.25,-3.25,-10.5675,-7.8725,-4.7375,15.76083333,-2.162916667,-3.403583333,-0.87625,-0.205416667
518,2015,Kolkata,Kolkata,4/8/2015,Mumbai Indians,Kolkata Knight Riders,Kolkata Knight Riders,Kolkata Knight Riders,1,-1.299178099,2.892492091,6.565738995,-4.009741227,2.134917264,-3.995650518,3.512059573,2.703461366,1.352784095,-3.133985799,4.467132867,-13.0305,5.729166667,3.25,-8.791666667,8.231666667,0.33025,-2.058083333,-2.94975,2.2995,3.954166667,-1.97925
519,2015,Chennai,Chennai,4/9/2015,Chennai Super Kings,Delhi Daredevils,Delhi Daredevils,Chennai Super Kings,1,6.120695,9.143574,2.120298,3.839589,7.059302,1.1935,5.10442,4.650268,-0.48892,1.470647,2.107099,19.13975,3.25,17.0965,8.893,3.25,3.384,2.2875,-3.26333,-0.789,-1.97917,4.308083
520,2015,Pune,Rajasthan,4/10/2015,Rajasthan Royals,Kings XI Punjab,Kings XI Punjab,Rajasthan Royals,1,2.27517025,-1.45744022,3.365122636,-0.204397288,0.02147938,-8.182832908,-1.268177,11.11661064,0.781657852,0.341925732,-6.628639617,-9.747,-3.93625,-3.25,-8.1,-0.899333333,7.138333333,14.41083333,0.069166667,-1.967333333,2.197916667,-4.125833333
521,2015,Chennai,Chennai,4/11/2015,Chennai Super Kings,Sunrisers Hyderabad,Chennai Super Kings,Chennai Super Kings,1,-5.100185909,-1.841516502,2.974687603,2.651854447,-3.276164622,5.261329257,4.035395498,7.562584363,0.801912166,0.351814469,2.3724743,12.63975,-0.65625,8.893,-3.25,1.403916667,5.125,3.868833333,23.69541667,-2.2005,4.361916667,7.576916667
522,2015,Kolkata,Kolkata,4/11/2015,Kolkata Knight Riders,Royal Challengers Bangalore,Royal Challengers Bangalore,Royal Challengers Bangalore,0,-5.144696992,-2.524078824,-4.313835119,-2.173905464,4.976353823,2.002606864,-0.649307184,2.59098745,0.215856794,-0.034061538,0.297036208,-8.08425,6.75,-1.8,-2.416666667,13.8175,4.167166667,-0.299333333,2.604583333,12.54008333,-9.814583333,1.995833333
523,2015,Delhi,Delhi,4/12/2015,Delhi Daredevils,Rajasthan Royals,Rajasthan Royals,Rajasthan Royals,0,-8.118596644,0.958283195,1.048653195,1.258147481,1.174664725,6.874206717,0.933868313,-12.12994227,1.011627961,-2.656410256,-1.593676529,-6.5,0,13.36375,16.0015,-5.3165,-6.427083333,-14.41083333,1.99,9.68775,1.901666667,3.69
524,2015,Mumbai,Mumbai,4/12/2015,Kings XI Punjab,Mumbai Indians,Mumbai Indians,Kings XI Punjab,0,2.652029724,-1.454541234,-4.442662017,-3.858451666,1.187529013,4.125034107,0.930055691,-4.044978811,-3.688074276,-0.601731537,-10.26373626,12.34425,-15.47616667,-8.1,9.625,5.585833333,4.348083333,-7.35,13.74975,1.387416667,10.04616667,-28.11416667
525,2015,Bangalore,Bangalore,4/13/2015,Royal Challengers Bangalore,Sunrisers Hyderabad,Sunrisers Hyderabad,Sunrisers Hyderabad,0,-1.415425193,3.874486454,-0.32692318,4.736967495,-1.16463805,-3.634988691,-4.739529356,-3.667828102,1.84940689,1.131410534,1.914830769,-6.75,7.428,5.125,5.05,-3.25,-2.629916667,-22.25916667,-0.4075,-6.364583333,-6.285083333,6.653
526,2015,Ahmedabad,Rajasthan,4/14/2015,Mumbai Indians,Rajasthan Royals,Mumbai Indians,Rajasthan Royals,1,3.729711484,-3.61356514,9.214193151,-8.322777776,-2.455706013,-2.745693287,2.532681267,12.28601577,1.383389389,0.083282646,3.635096647,5.729166667,-3.25,3.25,-9.142166667,8.825,-15.64225,5.407333333,1.67625,-12.0135,-0.156583333,23.98833333
527,2015,Kolkata,Kolkata,4/30/2015,Chennai Super Kings,Kolkata Knight Riders,Kolkata Knight Riders,Kolkata Knight Riders,1,0.357408598,1.374579259,-2.551555227,-3.199749808,2.967451335,-5.789034628,-1.158776741,-2.153846537,1.490961031,0.320183043,5.38021978,-12.63975,0,-5.643,0.833333333,-5.568,11.69166667,-10.91375,1.874583333,-3.863,-3.898333333,17.47333333
528,2015,Pune,Punjab,4/15/2015,Kings XI Punjab,Delhi Daredevils,Kings XI Punjab,Delhi Daredevils,0,5.843426394,0.499157025,-4.413775831,-1.053750193,-1.196144106,4.675336723,-3.032401846,1.013331624,-1.793285814,2.314484525,9.825283956,16.247,3.93625,-10.11375,-7.9015,6.215833333,0,-0.71125,-2.059166667,-7.720416667,-4.099583333,3.373333333
529,2015,Visakhapatnam,Hyderabad,4/16/2015,Sunrisers Hyderabad,Rajasthan Royals,Rajasthan Royals,Rajasthan Royals,0,3.102284624,4.080502382,-2.639313046,-0.77961485,0.416309459,1.940946952,1.692596042,-8.132405898,-8.251462853,-5.867245787,-8.625913803,0,3.90625,0,3.25,-14.6515,0.024416667,11.22916667,11.61041667,13.06225,16.49925,11.28283333
530,2015,Mumbai,Mumbai,4/17/2015,Mumbai Indians,Chennai Super Kings,Mumbai Indians,Chennai Super Kings,0,3.171030738,-2.811183346,-3.981845834,2.318387954,-9.301094201,2.681043699,-0.295661286,1.387179487,0,2.556721057,-2.545551223,-2.610583333,0,-3.307166667,16.2805,13.74975,-3.74325,-6.02625,-8.304583333,0,8.127666667,-29.04891667
531,2015,Visakhapatnam,Hyderabad,4/18/2015,Delhi Daredevils,Sunrisers Hyderabad,Delhi Daredevils,Delhi Daredevils,0,-11.22088127,-7.748314494,8.922240067,-0.646194408,0.029191858,0.884124217,5.181610676,-3.57326239,0.991090387,-1.560908347,-3.22245604,-6.5,-7.15625,-4.0525,16.0015,6.085,0,-17.65625,3.585833333,5.2755,-1.065916667,-5.197583333
532,2015,Pune,Punjab,4/18/2015,Kings XI Punjab,Kolkata Knight Riders,Kolkata Knight Riders,Kolkata Knight Riders,0,-1.352851625,-1.437950858,-1.148941966,1.531907499,-4.97866802,-1.587749063,-0.935958416,-1.483090115,-1.761491715,1.256031931,4.606593407,0.68625,9.747,0,7.266666667,1.733333333,8.425833333,-14.94166667,-0.670416667,-5.976833333,3.966416667,1.64375
533,2015,Ahmedabad,Rajasthan,4/19/2015,Chennai Super Kings,Rajasthan Royals,Chennai Super Kings,Rajasthan Royals,1,1.997901284,1.362456696,-0.335374556,-1.872239597,0.016508018,-8.359735408,-4.620042528,4.286426117,11.32305559,3.635096647,2.331158634,-12.63975,13.45725,-8.893,0,-19.3855,11.4015,-8.512916667,-3.137916667,0.408333333,1.263333333,-10.79441667
534,2015,Bangalore,Bangalore,4/19/2015,Mumbai Indians,Royal Challengers Bangalore,Royal Challengers Bangalore,Mumbai Indians,0,2.331074851,-1.193375973,10.88933978,-3.344232297,3.895616098,-8.870094842,4.161366757,-2.696474494,0.58816142,1.015226573,-0.468813364,-1.944916667,-3.25,-0.25,-13.0305,-10.59225,-12.875,-1.75875,11.655,-7.284,-3.579166667,-2.727666667
535,2015,Delhi,Delhi,4/20/2015,Delhi Daredevils,Kolkata Knight Riders,Kolkata Knight Riders,Kolkata Knight Riders,0,-6.478103957,-2.655281944,3.264833866,4.069566702,-1.773953441,-0.079538553,-1.270267103,-2.496421739,-1.074173298,-2.989355089,-5.218690549,-6.5,-3.25,10.11375,-0.122083333,2.184,4.5975,-14.94166667,1.38875,-0.9,3.223333333,-1.729583333
536,2015,Ahmedabad,Rajasthan,4/21/2015,Rajasthan Royals,Kings XI Punjab,Kings XI Punjab,Kings XI Punjab,0,2.993344312,1.425828294,-1.175641311,-0.204397288,-3.969525076,-3.103620018,-2.185583128,3.829302321,11.73525036,4.153836923,-6.628639617,-0.68625,3.71025,0,-8.1,0,11.4015,-8.4125,-2.183333333,6.495166667,8.666166667,-4.125833333
537,2015,Visakhapatnam,Hyderabad,4/22/2015,Sunrisers Hyderabad,Kolkata Knight Riders,Kolkata Knight Riders,Sunrisers Hyderabad,1,2.27517025,-1.45744022,3.365122636,-0.204397288,0.02147938,-8.182832908,-1.268177,11.11661064,0.781657852,0.341925732,-6.628639617,-9.747,-3.93625,-3.25,-8.1,-0.899333333,7.138333333,14.41083333,0.069166667,-1.967333333,2.197916667,-4.125833333
538,2015,Bangalore,Bangalore,4/22/2015,Chennai Super Kings,Royal Challengers Bangalore,Royal Challengers Bangalore,Chennai Super Kings,0,-4.218456686,-8.508007312,1.339772077,-5.588252437,6.153417083,-1.183853106,1.230270658,-1.79362554,1.871851227,3.700387239,2.087907692,-15.88975,-6.5,-12.393,0,-10.60125,-3.25,-4.1445,-2.439583333,2.026666667,-3.971416667,5.4
539,2015,Delhi,Delhi,4/23/2015,Delhi Daredevils,Mumbai Indians,Mumbai Indians,Delhi Daredevils,1,-9.291726098,1.530480661,10.26284635,-4.941050543,-1.487545806,8.977470539,-6.178652272,-2.489584066,-2.811899634,-0.456721057,-4.783441183,-16.52916667,-3.25,16.61375,-6.9455,0.35925,-9.625,15.86916667,1.338,-6.460833333,-1.980166667,0.57
540,2015,Ahmedabad,Rajasthan,4/24/2015,Rajasthan Royals,Royal Challengers Bangalore,Royal Challengers Bangalore,Royal Challengers Bangalore,0,-3.504204305,-2.536201387,-2.097654449,1.9442529,-0.765237647,-2.613474209,-5.427070472,6.080051657,9.451204364,-1.489528205,1.547188955,-8.08425,20.20725,-5.05,0,-3.25,17.9015,-8.102666667,-0.698333333,-1.618333333,1.893333333,-4.136666667
541,2015,Mumbai,Mumbai,4/25/2015,Mumbai Indians,Sunrisers Hyderabad,Mumbai Indians,Mumbai Indians,1,1.543411604,-8.125266622,-6.574880105,4.970242401,2.36326869,4.780944881,1.104299399,1.889351979,1.303648988,0.11618396,2.383644134,9.372916667,0,-3.25,13.0305,1.207,3.67625,1.483083333,-3.818083333,-0.69,-2.705916667,9.380666667
542,2015,Chennai,Chennai,4/25/2015,Chennai Super Kings,Kings XI Punjab,Chennai Super Kings,Chennai Super Kings,1,0.995443027,0.063371598,-0.840266755,2.162584951,-6.944422707,5.25611539,2.011216686,5.875716977,1.304367919,-0.843837164,-7.718185041,11.9535,-9.747,8.893,0,15.83916667,0,3.834666667,-0.942916667,6.931416667,2.120416667,0.93475
543,2015,Delhi,Delhi,4/26/2015,Delhi Daredevils,Royal Challengers Bangalore,Royal Challengers Bangalore,Royal Challengers Bangalore,0,-11.62280095,-5.179360768,-1.049001253,3.202400382,-1.596818246,-1.313040532,-8.838928547,2.282543435,-4.477305913,-4.145938462,-4.353866573,-14.58425,3.5,8.31375,16.0015,6.085,3.25,3.8615,3.228583333,-8.148333333,3.795,1.0875
544,2015,Chandigarh,Punjab,4/27/2015,Sunrisers Hyderabad,Kings XI Punjab,Kings XI Punjab,Sunrisers Hyderabad,0,-6.095628936,-4.371372102,10.30801011,-1.54605427,4.830297532,0.796107703,0.492987086,2.59140509,0.959296288,-0.502455753,10.09065934,0.68625,-3.90625,-5.94875,-13.0125,-3.25,-11.18525,-2.816666667,-4.2225,3.531916667,-9.131916667,6.642166667
545,2015,Kolkata,Kolkata,5/7/2015,Kolkata Knight Riders,Delhi Daredevils,Kolkata Knight Riders,Kolkata Knight Riders,1,0.14939296,2.655281944,-3.264833866,-4.422932521,1.773953441,1.396036054,-2.478820521,-1.684447359,-2.086004142,3.557142857,2.394819008,2.53875,3.25,-10.11375,17.71375,-2.184,5.606666667,-2.416666667,-4.733166667,-3.376333333,-2.402083333,2.19075
547,2015,Chennai,Chennai,4/28/2015,Chennai Super Kings,Kolkata Knight Riders,Kolkata Knight Riders,Chennai Super Kings,1,-0.357408598,-1.374579259,2.551555227,3.199749808,-5.925840948,7.10553213,-0.580963474,5.734052895,-0.79736191,-2.086495497,-0.320183043,12.63975,0,5.643,-0.833333333,2.021666667,-1.4875,4.443833333,2.810083333,-0.165,0.422916667,3.898333333
548,2015,Delhi,Delhi,5/1/2015,Kings XI Punjab,Delhi Daredevils,Delhi Daredevils,Delhi Daredevils,1,-5.843426394,1.249152915,-4.567985937,4.413775831,-2.7925352,-0.460077638,1.633979461,-5.597441203,3.805584561,0.472640103,-8.163736264,-16.247,0,3.25,10.11375,16.0015,9.335,-13.16333333,3.551666667,5.402166667,6.429666667,0.758333333
549,2015,Mumbai,Mumbai,5/1/2015,Mumbai Indians,Rajasthan Royals,Rajasthan Royals,Mumbai Indians,1,1.173129454,-4.173640041,-4.751695821,-0.353027386,0.192231016,4.670781005,1.265703715,1.909889554,2.619373764,-0.979317949,-2.319988801,10.02916667,-13.45725,-3.25,16.2805,9.625,0.99075,9.861416667,0.594166667,5.90475,0.261666667,12.59816667
550,2015,Bangalore,Bangalore,5/2/2015,Kolkata Knight Riders,Royal Challengers Bangalore,Royal Challengers Bangalore,Royal Challengers Bangalore,1,5.144696992,2.524078824,5.995696323,-1.273368461,-1.737180676,2.173905464,-1.639087775,-2.392413419,0.182316165,1.926584615,-3.569235165,8.08425,-6.75,-9.891666667,-4.7375,1.4235,2.416666667,-6.5,2.268,1.017083333,-1.49725,1.654583333
551,2015,Hyderabad,Hyderabad,5/2/2015,Sunrisers Hyderabad,Chennai Super Kings,Chennai Super Kings,Sunrisers Hyderabad,1,5.100185909,1.841516502,-3.623320577,-3.381017856,-7.214262541,0.454185841,-4.653363453,-4.458638212,0.090260987,1.415096798,-0.103846154,-12.63975,0.65625,4.1195,0,0,2.528333333,-13.43675,-0.134583333,3.045083333,-5.7975,12.47491667
552,2015,Chandigarh,Punjab,5/3/2015,Mumbai Indians,Kings XI Punjab,Mumbai Indians,Mumbai Indians,0,-4.166473766,2.747811747,-3.986230262,1.304989395,-0.48257637,5.849070515,0.919879413,-0.930055691,-1.514675016,6.486643956,1.857763468,9.342916667,-9.747,8.1805,15.64225,9.625,-6.5,1.448916667,-7.35,6.320916667,-0.881666667,6.07975
553,2015,Mumbai,Mumbai,5/3/2015,Rajasthan Royals,Delhi Daredevils,Delhi Daredevils,Rajasthan Royals,0,8.118596644,2.643159381,-5.592308132,-2.816669836,5.294077928,0.705811647,-3.076398028,3.411858075,-1.011627961,1.125317559,4.943654171,6.5,16.70725,-13.36375,-1.590666667,-9.335,0,11.4015,-11.96416667,-9.68775,-0.265333333,19.77258333
554,2015,Chennai,Chennai,5/4/2015,Chennai Super Kings,Royal Challengers Bangalore,Chennai Super Kings,Chennai Super Kings,1,10.04883753,-3.898658083,-1.762279892,3.816492497,-3.740135278,5.7462612,-1.230270658,8.126466314,-0.979678074,-2.675291101,0.457643531,19.13975,6.75,3.843,0,12.58916667,6.5,4.1445,0.542083333,-1.182083333,1.815833333,0.923916667
555,2015,Kolkata,Kolkata,5/4/2015,Kolkata Knight Riders,Sunrisers Hyderabad,Sunrisers Hyderabad,Kolkata Knight Riders,1,-4.742777311,-0.466937243,3.107089116,-0.610095854,0.83789382,7.620814788,-1.328066868,2.643235699,1.299534402,-0.795174082,2.287664234,0,-0.65625,0,1.929166667,4.7375,7.86875,-0.0125,-14.68333333,4.6515,-4.787833333,-1.347
556,2015,Mumbai,Mumbai,5/5/2015,Delhi Daredevils,Mumbai Indians,Delhi Daredevils,Mumbai Indians,1,9.291726098,-1.530480661,-6.95766416,4.815281592,-1.065916466,3.496116279,-4.017756821,3.086239316,-0.278610797,1.677092308,-1.074371641,16.52916667,3.25,-10.13041667,16.2805,-6.3765,6.30725,13.74975,-9.858333333,-1.3995,-1.64,3.6165
557,2015,Bangalore,Bangalore,5/6/2015,Royal Challengers Bangalore,Kings XI Punjab,Kings XI Punjab,Royal Challengers Bangalore,1,6.497548617,6.428513683,5.462777085,0.641997965,-3.362296191,-1.653907546,3.241487344,-2.250749337,2.284045993,-2.326576833,-4.185797262,7.398,-3.5,1.8,-4.85,-3.25,0,-0.309833333,-1.485,8.1135,3.352083333,-0.244166667
558,2015,Mumbai,Mumbai,5/7/2015,Sunrisers Hyderabad,Rajasthan Royals,Rajasthan Royals,Sunrisers Hyderabad,0,0.37028215,-3.95162658,3.287946021,1.508778259,-4.514574823,-0.778907504,4.669871471,2.045658192,10.93305493,1.095501909,1.72482128,-0.65625,13.45725,-13.0125,0,-7.296916667,11.16083333,-5.94875,-0.865166667,4.05025,-2.967583333,4.06575
559,2015,Chennai,Chennai,5/8/2015,Chennai Super Kings,Mumbai Indians,Chennai Super Kings,Mumbai Indians,0,-3.171030738,9.685135735,0.688401942,-0.87345369,6.708384556,7.800003719,2.931096099,4.945661286,-0.210307098,-0.206444947,2.060935838,2.610583333,-14.27583333,-7.3875,-15.64225,6.214166667,0.016666667,2.38575,6.407083333,0.6105,-0.339166667,7.8785
560,2015,Kolkata,Kolkata,5/9/2015,Kings XI Punjab,Kolkata Knight Riders,Kings XI Punjab,Kolkata Knight Riders,1,1.352851625,3.904434859,1.148941966,0.441215774,-5.378192892,6.465259435,-1.642160292,-3.101019464,2.427281958,2.498690263,-4.237824558,-0.68625,3.25,0,6.841666667,0.833333333,-0.990833333,12.36333333,2.162916667,0.062333333,5.663916667,1.31275
561,2015,Raipur,Delhi,5/9/2015,Sunrisers Hyderabad,Delhi Daredevils,Sunrisers Hyderabad,Sunrisers Hyderabad,0,2.620922541,6.594785961,-4.336599216,-2.76692574,-3.346091869,-0.768885713,-0.531556563,2.028461538,1.196887337,-1.29083006,-0.412259806,3.90625,3.25,-0.35125,-16.0015,15.51666667,11.18525,-13.8465,-7.57625,-6.04025,1.4115,-4.70475
562,2015,Mumbai,Mumbai,5/10/2015,Royal Challengers Bangalore,Mumbai Indians,Royal Challengers Bangalore,Royal Challengers Bangalore,0,-8.527186302,-0.513729977,-2.450681834,1.899298034,-2.05374252,-7.65787168,-4.161366757,0.407501413,1.107897335,0.468813364,-0.85604551,-8.08425,16.77916667,11.2305,12.39225,6.483333333,9.625,1.75875,-9.486666667,1.934166667,2.727666667,-3.699166667
563,2015,Chennai,Chennai,5/10/2015,Chennai Super Kings,Rajasthan Royals,Chennai Super Kings,Chennai Super Kings,1,-1.997901284,-1.362456696,4.797871886,-2.671415339,-2.893740025,10.56679792,1.623171943,2.41298002,-10.43088244,-1.306062497,-2.210859033,12.63975,-13.45725,8.893,0,15.83916667,-3.888333333,4.974666667,0.99975,0.43625,8.638833333,2.078083333
564,2015,Hyderabad,Hyderabad,5/11/2015,Sunrisers Hyderabad,Kings XI Punjab,Sunrisers Hyderabad,Sunrisers Hyderabad,1,6.095628936,4.371372102,0.077176615,-1.713175547,-4.830297532,2.194687244,-0.537587398,1.34212832,3.22245604,-2.985375671,-7.044903372,-0.68625,3.90625,9.7625,-8.1,3.25,0,0.708333333,-3.175,4.850166667,0.6655,-5.58275
565,2015,Raipur,Delhi,5/12/2015,Chennai Super Kings,Delhi Daredevils,Chennai Super Kings,Delhi Daredevils,1,0.993303407,1.280702685,-0.713278639,0.614092115,6.682705977,0.689303629,-4.045050335,9.591045902,4.462820513,-0.060445337,-0.965192674,15.88975,3.25,-4.47075,-16.0015,-13.8465,19.3855,12.58916667,16.11916667,20.91333333,-0.342833333,1.953333333
566,2015,Chandigarh,Punjab,5/13/2015,Kings XI Punjab,Royal Challengers Bangalore,Royal Challengers Bangalore,Kings XI Punjab,1,-6.857614142,-6.428513683,-6.436912097,5.994935582,-1.136740608,-2.634953589,-4.728078759,6.259233192,-5.004046279,1.070544902,4.185797262,-8.08425,3.5,3.05,0,-3.25,18.80083333,-0.432666667,-3.815,-3.83175,-7.3185,0.244166667
567,2015,Mumbai,Mumbai,5/14/2015,Mumbai Indians,Kolkata Knight Riders,Kolkata Knight Riders,Mumbai Indians,1,2.813622141,-4.185762605,1.863153285,-12.6342255,3.995650518,-2.010969091,-1.5389363,0.589817578,-1.880050549,-0.416227479,-3.469190649,10.02916667,0,13.0305,-4.1925,-0.33025,-11.70833333,16.16641667,-8.469583333,0.762083333,1.47825,1.42575
568,2015,Hyderabad,Hyderabad,5/15/2015,Sunrisers Hyderabad,Royal Challengers Bangalore,Sunrisers Hyderabad,Royal Challengers Bangalore,0,-0.401919681,-2.057141581,-5.385600469,0.435474642,-1.626010104,1.215955399,-1.899359024,0.894524487,0.991713375,1.872740329,2.151519648,-8.08425,7.40625,7.9625,0,0,3.25,-2.865166667,-3.214166667,4.640083333,-4.873583333,1.55325
569,2015,Chandigarh,Punjab,5/16/2015,Kings XI Punjab,Chennai Super Kings,Kings XI Punjab,Chennai Super Kings,0,-4.011282062,-2.5298556,-2.162584951,-4.674632205,-9.867806203,3.986033094,0.947172927,-1.867233122,-4.024368205,0.612901371,10.26373626,3.25,-3.25,0,-0.793,11.55833333,-19.3855,-0.288333333,-4.357083333,-2.649666667,-8.242416667,5.389166667
570,2015,Mumbai,Mumbai,5/16/2015,Rajasthan Royals,Kolkata Knight Riders,Rajasthan Royals,Rajasthan Royals,0,1.640492687,-0.012122564,2.21618067,-2.950943317,-2.204135417,1.327510211,5.835891198,-1.461668539,3.122498844,-0.900732601,-4.812432012,0,13.45725,-3.25,-13.8175,-0.530833333,-0.833333333,1.14,-8.348333333,-3.06225,0.500416667,-4.905
572,2015,Hyderabad,Hyderabad,5/17/2015,Sunrisers Hyderabad,Mumbai Indians,Sunrisers Hyderabad,Mumbai Indians,0,1.92915517,4.652699848,-2.934918635,8.093346322,-0.841351397,0.585741179,-1.104299399,2.0182148,-0.11618396,-0.71247959,0.812757566,-10.02916667,0.65625,-3.268,-9.625,-15.64225,0.016666667,-1.483083333,9.123333333,2.705916667,-3.876,-3.03525
573,2015,Mumbai,Mumbai,5/19/2015,Mumbai Indians,Chennai Super Kings,Mumbai Indians,Mumbai Indians,1,3.171030738,-5.680854222,2.318387954,-2.133336205,-7.800003719,-9.666774169,-3.354338813,-1.564028959,-0.685728205,1.10248025,0.011169834,-2.610583333,3.25,16.2805,6.74925,-0.016666667,-9.7605,1.3485,-6.595,-0.505416667,0.234083333,1.80375
574,2015,Pune,Bangalore,5/20/2015,Royal Challengers Bangalore,Rajasthan Royals,Royal Challengers Bangalore,Royal Challengers Bangalore,1,3.504204305,2.536201387,6.560151779,-6.487907836,0.846395253,4.820536717,2.853442601,-2.940182679,-12.22450798,-2.788802165,1.321528745,8.08425,-20.20725,5.05,0,3.25,-10.38833333,0.830166667,4.079333333,-2.003333333,9.8705,0.899166667
575,2015,Ranchi,Chennai,5/22/2015,Royal Challengers Bangalore,Chennai Super Kings,Chennai Super Kings,Chennai Super Kings,1,-5.502105589,-1.028987207,-4.769069788,6.823282393,5.588252437,-3.582126516,-1.230270658,8.126466314,-0.979678074,-2.507291641,0.457643531,4.5555,3.5,-5.05,8.893,0,19.08916667,4.1445,0.542083333,-1.182083333,-0.976666667,0.923916667
576,2015,Kolkata,Kolkata,5/24/2015,Mumbai Indians,Chennai Super Kings,Chennai Super Kings,Mumbai Indians,0,3.171030738,-1.495091617,-0.688401942,-3.688954403,2.617581428,0.027293514,-3.237595626,-4.945661286,-0.685728205,-1.013926304,2.127576387,-2.610583333,3.25,7.3875,12.39225,-9.7605,1.160583333,3.233333333,-6.407083333,-0.505416667,3.959333333,-1.9215
577,2016,Mumbai,Mumbai,4/9/2016,Mumbai Indians,Rising Pune Supergiants,Mumbai Indians,Rising Pune Supergiants,0,1.173129454,2.318387954,-5.472252124,-7.378263603,-14.14577952,8.1098081,-4.370149869,2.978501961,1.454294719,3.777092308,3.62135368,10.02916667,16.2805,-10.215,-6.5,9.625,-0.76575,-1.98,-0.549,4.596,6.84675,-3.794333333
578,2016,Kolkata,Kolkata,4/10/2016,Delhi Daredevils,Kolkata Knight Riders,Kolkata Knight Riders,Kolkata Knight Riders,1,6.478103957,2.153985299,1.288033465,-6.458538215,-1.408667817,5.925840948,5.927731103,-9.633520529,-2.763760684,-2.086004142,2.02605016,6.5,3.25,3.25,-2.104166667,0.833333333,-2.021666667,3.2885,0.60125,-2.870583333,-3.376333333,-0.76575
579,2016,Chandigarh,Punjab,4/11/2016,Kings XI Punjab,Gujarat Lions,Gujarat Lions,Gujarat Lions,0,0.736367172,-2.5298556,-0.828346811,0.1397477,0.690639998,-2.541989852,6.393070018,-3.829302321,3.234015884,2.380249482,6.628639617,6.415416667,-3.25,-8.893,-11.2855,-12.40125,9.362916667,18.80083333,2.183333333,-10.60233333,2.9425,4.125833333
580,2016,Bangalore,Bangalore,4/12/2016,Royal Challengers Bangalore,Sunrisers Hyderabad,Sunrisers Hyderabad,Royal Challengers Bangalore,1,3.874486454,-1.415425193,-1.880362957,-1.145472867,4.820536717,8.150087644,-4.635137877,-3.667828102,-1.1724743,-1.573000655,14.46942897,7.428,-6.75,3.69475,-6.5,-2.088333333,0,-3.716,-23.56083333,-3.750583333,-13.82341667,4.286166667
581,2016,Kolkata,Kolkata,4/13/2016,Kolkata Knight Riders,Mumbai Indians,Mumbai Indians,Mumbai Indians,0,-1.299178099,4.185762605,3.692830295,7.176289739,3.975716835,-9.204231502,-4.009741227,-2.181140051,-5.85,-0.126124432,-2.356159225,-13.0305,0,0.016666667,-2.101666667,17.0675,-17.74641667,-8.791666667,0.714,6.98775,6.845833333,0.97975
582,2016,Rajkot,Gujarat,4/14/2016,Rising Pune Supergiants,Gujarat Lions,Rising Pune Supergiants,Gujarat Lions,1,3.729711484,-0.447903889,-0.772133398,4.479005348,5.946755389,-4.176327189,2.975522303,-8.74924663,-0.74181513,0.410141933,-3.635096647,5.729166667,-3.25,4.555333333,-19.3855,-12.40125,14.16625,19.658,-4.21425,-0.72,4.014333333,-3.602583333
583,2016,Delhi,Delhi,4/15/2016,Kings XI Punjab,Delhi Daredevils,Delhi Daredevils,Delhi Daredevils,1,0.002139621,1.249152915,-5.638138641,-6.944422707,-0.204397288,7.538875229,-6.460650341,-3.715328924,11.32305559,-3.563571208,-5.311997856,-3.93625,0,0,15.83916667,-8.1,-2.187083333,8.403166667,-17.06208333,0.408333333,14.58708333,0.41275
584,2016,Hyderabad,Hyderabad,4/16/2016,Sunrisers Hyderabad,Kolkata Knight Riders,Sunrisers Hyderabad,Kolkata Knight Riders,0,4.742777311,0.466937243,0.610095854,-3.836252525,-2.882192995,-3.811715773,-1.112043973,1.076840652,-2.365003358,-5.089355089,-5.38021978,0,0.65625,-1.929166667,-3.25,-8.834166667,-10.5675,17.53416667,-2.197083333,0.5115,-1.810333333,-5.72625
585,2016,Mumbai,Mumbai,4/16/2016,Mumbai Indians,Gujarat Lions,Gujarat Lions,Gujarat Lions,0,3.388396896,-2.811183346,-6.244385521,-1.790011166,2.681043699,8.531868132,-1.307924156,3.480674453,0.733017164,2.58669443,1.586796844,18.75966667,0,-5.659666667,-6.5,-3.74325,12.875,2.588916667,3.9375,8.28825,3.281666667,0.1825
586,2016,Chandigarh,Punjab,4/17/2016,Rising Pune Supergiants,Kings XI Punjab,Rising Pune Supergiants,Kings XI Punjab,1,2.993344312,2.081951711,-1.612400152,-6.309316184,4.339257648,5.25611539,1.342409684,0.892173152,-1.938859416,-2.317954048,-6.693088903,-0.68625,0,13.44833333,13.16333333,-8.1,0,-1.080083333,0.844583333,26.84891667,5.605416667,-1.220833333
587,2016,Bangalore,Bangalore,4/17/2016,Royal Challengers Bangalore,Delhi Daredevils,Delhi Daredevils,Delhi Daredevils,0,6.495408996,5.179360768,-0.705811647,-1.925087718,-4.903921641,11.92342743,-3.29101372,-4.744833987,2.446846304,-2.863830715,8.815050998,11.33425,-3.5,16.70725,-3.25,-8.31375,-11.65316667,-2.461,-0.598166667,-1.937833333,-0.656916667,13.71916667
588,2016,Hyderabad,Hyderabad,4/18/2016,Mumbai Indians,Sunrisers Hyderabad,Sunrisers Hyderabad,Sunrisers Hyderabad,1,10.05888655,4.652699848,10.8578335,-5.699405809,-3.188534313,-4.454813,0.760917251,0.426892326,-0.279202099,-3.777092308,-4.944970414,6.5,0.65625,3.3875,-16.2805,10.38833333,-9.581666667,9.1425,1.36775,11.09925,-3.393666667,-3.426666667
589,2016,Chandigarh,Punjab,4/19/2016,Kings XI Punjab,Kolkata Knight Riders,Kolkata Knight Riders,Kolkata Knight Riders,0,1.352851625,3.904434859,-3.391821981,-5.300639913,-1.531907499,1.853568622,2.59218016,1.689535062,0.868219398,-2.105308816,-4.606593407,-0.68625,3.25,3.25,15.9725,-7.266666667,10.5675,-0.609166667,1.009583333,33.74441667,13.00008333,-1.64375
590,2016,Mumbai,Mumbai,4/20/2016,Royal Challengers Bangalore,Mumbai Indians,Mumbai Indians,Mumbai Indians,1,-2.028174019,-2.395381749,-6.449078369,-4.626216094,2.352907701,-2.05374252,-0.941358793,4.772127501,0.713011361,-2.468846154,-0.119191271,19.7805,3.25,4.575,-19.95725,7.718083333,6.483333333,2.34825,1.890583333,-1.45275,2.155,3.474083333
591,2016,Rajkot,Gujarat,4/21/2016,Gujarat Lions,Sunrisers Hyderabad,Sunrisers Hyderabad,Sunrisers Hyderabad,0,-6.831996108,3.699484306,3.623320577,1.573427847,4.620042528,5.084659983,-7.560022266,5.088338282,3.960648021,-8.512932328,3.35817357,-5.729166667,-8.044166667,-4.1195,19.3855,8.512916667,3.25,-6.5,-5.338416667,-0.587416667,1.385833333,3.244166667
592,2016,Pune,Pune,4/22/2016,Royal Challengers Bangalore,Rising Pune Supergiants,Rising Pune Supergiants,Royal Challengers Bangalore,0,13.32270707,-0.032102293,-2.53441329,0.861054754,5.7462612,-0.314380602,-3.439027095,1.79362554,0.367827727,0,-3.02710557,-42.57270707,-32.46789771,-16.51725338,-33.36105475,-34.9962612,-19.02228606,-12.6529729,-16.74487554,-24.80249439,-22.30341667,-17.13064443
593,2016,Delhi,Delhi,4/23/2016,Delhi Daredevils,Mumbai Indians,Mumbai Indians,Delhi Daredevils,1,-2.649890103,1.530480661,9.683282187,-3.67519815,6.535924044,-5.639433312,5.951289996,-3.810229776,1.011627961,-0.743636874,-3.121893491,-16.2805,-3.25,-9.625,-12.83166667,16.61375,0.196916667,13.87916667,0.04725,9.68775,-12.82666667,4.701666667
594,2016,Hyderabad,Hyderabad,4/23/2016,Kings XI Punjab,Sunrisers Hyderabad,Sunrisers Hyderabad,Sunrisers Hyderabad,1,6.095628936,4.371372102,-9.957560977,-5.55946094,-4.336547514,7.341527428,1.166952248,0.774902042,0.090260987,-4.880769231,-10.26373626,-0.68625,3.90625,0,0,-0.961666667,16.2625,-12.30083333,1.081666667,3.045083333,25.06166667,-4.275333333
595,2016,Rajkot,Gujarat,4/24/2016,Royal Challengers Bangalore,Gujarat Lions,Royal Challengers Bangalore,Gujarat Lions,1,9.59299559,-1.362456696,-1.762279892,-1.839692302,-0.200494189,1.471049295,-6.414549398,2.503308168,1.872740329,-3.318484252,3.635096647,0.770833333,-13.45725,3.843,19.3855,18.90125,3.25,-17.9015,-0.4775,-4.873583333,-1.67275,10.71958333
596,2016,Pune,Pune,4/24/2016,Rising Pune Supergiants,Kolkata Knight Riders,Kolkata Knight Riders,Kolkata Knight Riders,0,1.640492687,-1.822483149,5.434406306,5.793612167,3.402546768,-2.904246564,-1.687034356,-0.79736191,-0.780433,-6.025911706,-6.840877806,-30.89049269,-30.67751685,-24.48607297,-38.29361217,-32.65254677,-16.4324201,-14.40496564,-14.15388809,-23.65423367,-16.27750496,-13.31687219
597,2016,Chandigarh,Punjab,4/25/2016,Mumbai Indians,Kings XI Punjab,Kings XI Punjab,Mumbai Indians,0,3.818172661,-2.220774513,-0.335374556,5.632417036,0.403311725,-7.898155667,-4.133369447,-2.714494175,0.027561096,-2.656410256,2.1,6.5,-7.416666667,-8.893,5.729166667,10.65175,0.51825,0.845416667,-15.18933333,2.313333333,1.901666667,16.26833333
598,2016,Hyderabad,Hyderabad,4/26/2016,Sunrisers Hyderabad,Rising Pune Supergiants,Rising Pune Supergiants,Rising Pune Supergiants,0,3.102284624,2.289420391,-8.781919666,-7.943425949,-5.283460536,3.514342418,2.550317085,4.759676035,-0.801912166,2.545551223,-1.217958974,0,3.90625,0,-3.25,3.888333333,-0.150833333,-14.16625,-4.032166667,2.2005,8.663166667,-2.425333333
599,2016,Delhi,Delhi,4/27/2016,Gujarat Lions,Delhi Daredevils,Delhi Daredevils,Gujarat Lions,0,-0.993303407,-2.23898588,-4.879029492,4.745912878,-1.229589056,6.934593639,-2.958389613,-3.797508222,-0.329555323,-3.791217582,-1.535096647,-15.88975,-3.25,-8.893,10.11375,-18.90125,20.3625,-3.546333333,3.926916667,3.98475,-6.199166667,4.884166667
600,2016,Mumbai,Mumbai,4/28/2016,Kolkata Knight Riders,Mumbai Indians,Mumbai Indians,Mumbai Indians,1,1.299178099,-4.185762605,1.442188247,-1.5389363,-1.589228975,-0.975014766,-4.397456952,0.810633946,-0.435249366,-1.352784095,1.735672189,13.0305,0,-6.3475,16.16641667,-18.19166667,18.89225,-10.58416667,23.42891667,-2.299583333,-2.2995,-0.445833333
601,2016,Pune,Pune,4/29/2016,Rising Pune Supergiants,Gujarat Lions,Gujarat Lions,Gujarat Lions,0,1.997901284,-0.447903889,-0.772133398,3.697259683,6.369998102,-2.746525804,-3.805592458,-3.496288799,0.916061836,-4.756410256,3.218832891,-31.24790128,-32.05209611,-18.27953327,-36.19725968,-35.6199981,-16.59014086,-12.28640754,-11.4549612,-25.3507285,-17.54700641,-23.37658289
602,2016,Delhi,Delhi,4/30/2016,Delhi Daredevils,Kolkata Knight Riders,Kolkata Knight Riders,Delhi Daredevils,1,-1.350712004,-2.655281944,5.128744168,-3.032100923,-0.583566026,8.263014424,-5.927731103,6.345726622,-2.623687424,-1.074173298,0.765358432,-3.25,-3.25,-17.71375,-13.8175,-4.083333333,23.54166667,-3.2885,0.815833333,-12.06458333,-0.9,2.085583333
603,2016,Hyderabad,Hyderabad,4/30/2016,Sunrisers Hyderabad,Royal Challengers Bangalore,Royal Challengers Bangalore,Sunrisers Hyderabad,1,1.415425193,2.257318098,-5.467990951,-2.426891266,3.021756922,-3.507496185,4.635137877,-4.515395804,0.991713375,-1.963330907,0,6.75,3.90625,-6.925,-3.69475,6.5,7.138333333,26.41166667,-2.909166667,4.640083333,3.425333333,10.57008333
604,2016,Rajkot,Gujarat,5/1/2016,Kings XI Punjab,Gujarat Lions,Gujarat Lions,Kings XI Punjab,0,-0.736367172,4.015738085,-0.840266755,-0.1397477,3.921050814,-3.204287428,-9.518169416,0.388044743,0.39000066,-0.863448276,-6.628639617,-6.415416667,-9.362916667,8.893,11.2855,0.842916667,3.25,-6.5,-1.14,-3.641916667,5.640416667,-4.125833333
605,2016,Pune,Pune,5/1/2016,Rising Pune Supergiants,Mumbai Indians,Mumbai Indians,Mumbai Indians,0,0.341314587,2.363279456,13.70902068,5.487270849,2.75944954,-5.004326789,-3.998758784,-2.978501961,-0.345183634,-3.940110446,-0.558259416,-29.59131459,-34.86327946,-32.76068734,-37.98727085,-32.00944954,-14.33233988,-12.09324122,-11.97274804,-24.08948303,-18.36330622,-19.59949058
606,2016,Bangalore,Bangalore,5/2/2016,Royal Challengers Bangalore,Kolkata Knight Riders,Kolkata Knight Riders,Kolkata Knight Riders,0,-0.987107561,4.341423697,-4.345362094,-4.252561984,0.650499259,5.573188507,-4.187939892,0.817756579,-3.569235165,-6.025911706,8.109863346,-3.25,8.08425,8.3,13.45725,-17.3175,-14.94166667,13.81816667,-4.249583333,1.399583333,-1.301916667,-12.38041667
607,2016,Rajkot,Gujarat,5/3/2016,Gujarat Lions,Delhi Daredevils,Delhi Daredevils,Delhi Daredevils,0,-0.738506793,3.06184024,4.797871886,-5.527658543,0.487892302,2.75747149,-12.92557108,3.797508222,0.927192587,-2.440694819,2.669903973,-2.479166667,6.5,8.893,6.02175,15.65125,6.5,-20.3625,-3.926916667,8.845583333,-3.285333333,3.216666667
608,2016,Kolkata,Kolkata,5/4/2016,Kolkata Knight Riders,Kings XI Punjab,Kings XI Punjab,Kolkata Knight Riders,1,1.352851625,5.390317344,3.241813037,-0.532919238,2.123076978,-5.378192892,2.183201282,-5.495467621,3.709413192,1.518707729,-4.606593407,-0.68625,-9.362916667,13.8175,11.69166667,-4.85,0.833333333,1.164166667,-0.589416667,20.50541667,-1.244166667,-1.64375
609,2016,Delhi,Delhi,5/5/2016,Delhi Daredevils,Rising Pune Supergiants,Rising Pune Supergiants,Rising Pune Supergiants,0,-5.273638892,2.505388129,-1.15131031,-0.842339559,0.347557265,-4.991772687,2.470374788,1.204615385,-1.429365079,3.733779433,2.1,-6.5,3.25,-3.25,10.11375,-16.41333333,11.65316667,-0.568833333,-14.30916667,-13.33208333,2.26275,8.48675
610,2016,Hyderabad,Hyderabad,5/6/2016,Gujarat Lions,Sunrisers Hyderabad,Sunrisers Hyderabad,Sunrisers Hyderabad,1,5.100185909,1.841516502,-3.705711059,0.409313662,0.455916827,-4.196799814,-1.267507152,-0.299739674,-1.507692308,-2.210859033,0,-12.63975,0.65625,-10.768,9.7625,18.48066667,-12.24716667,-12.40125,6.687,-2.505833333,2.078083333,11.23466667
611,2016,Bangalore,Bangalore,5/7/2016,Rising Pune Supergiants,Royal Challengers Bangalore,Royal Challengers Bangalore,Royal Challengers Bangalore,1,-2.627600248,8.643032092,-1.775964351,-8.359735408,2.651419089,6.931654739,-1.710577248,-3.777435897,3.546165035,0.869948718,13.23917131,-3.25,-0.25,13.45725,4.674166667,-8.113333333,0,-1.7565,-25.59291667,18.97041667,-2.610833333,0.159833333
612,2016,Chandigarh,Punjab,5/7/2016,Kings XI Punjab,Delhi Daredevils,Delhi Daredevils,Kings XI Punjab,1,5.022981997,-2.643038593,0.353027386,3.227763142,16.03677227,4.10741252,-8.1098081,-13.56758252,-2.6939566,-2.559133333,-3.121893491,0,0,-16.2805,15.66216667,-6.375,-2.522083333,0.76575,0.19375,-10.77708333,-0.968333333,4.701666667
613,2016,Visakhapatnam,Hyderabad,5/8/2016,Sunrisers Hyderabad,Mumbai Indians,Mumbai Indians,Sunrisers Hyderabad,1,-3.443599212,-4.652699848,-0.981087418,-2.201763394,1.489984372,2.766794197,-2.08683166,3.780414126,4.396204533,1.231541085,5.221893491,13.0305,-0.65625,11.5,-19.2515,2.62975,-3.905,13.74975,-2.7495,6.38325,-1.816416667,0.332
614,2016,Kolkata,Kolkata,5/8/2016,Kolkata Knight Riders,Gujarat Lions,Gujarat Lions,Gujarat Lions,0,0.357408598,1.374579259,-6.206539703,-2.096352484,2.229870269,0.15772076,-5.11223615,-1.094913755,0.900732601,5.089355089,9.206713191,-12.63975,0,-5.643,-2.416666667,18.45166667,-1.83375,-4.443833333,4.6515,-1.82025,13.86625,1.660833333
615,2016,Chandigarh,Punjab,5/9/2016,Royal Challengers Bangalore,Kings XI Punjab,Kings XI Punjab,Royal Challengers Bangalore,0,2.993344312,2.081951711,-0.828346811,0.1397477,6.628639617,6.415416667,9.362916667,18.80083333,2.183333333,-10.60233333,6.415416667,2.380249482,6.628639617,6.415416667,-3.25,-8.893,-11.2855,-5.300639913,-1.531907499,1.853568622,18.80083333,2.183333333
616,2016,Visakhapatnam,Hyderabad,5/10/2016,Sunrisers Hyderabad,Rising Pune Supergiants,Sunrisers Hyderabad,Sunrisers Hyderabad,1,3.102284624,6.585890511,1.463663788,7.103095953,0,-10.56679792,1.479018652,-1.282745824,-0.969230769,1.327592249,-1.600539811,0,7.15625,-1.875,-1.54725,0,3.888333333,-9.913333333,3.34125,12.68208333,2.78475,-4.126333333
617,2016,Bangalore,Bangalore,5/11/2016,Royal Challengers Bangalore,Mumbai Indians,Mumbai Indians,Mumbai Indians,0,2.028174019,8.527186302,-3.306885057,0.052968446,0.936906895,7.584925297,-13.29758252,-1.363383472,0.852208435,-1.689184615,9.276503044,-19.7805,8.08425,-9.625,18.46766667,-10.59225,3.25,1.819833333,-0.156416667,9.030833333,-3.579166667,3.954166667
618,2016,Hyderabad,Hyderabad,5/12/2016,Sunrisers Hyderabad,Delhi Daredevils,Delhi Daredevils,Delhi Daredevils,0,6.093489315,7.748314494,1.173318433,1.176989875,1.99740567,-9.724458358,8.323538749,-11.2327946,-4.674815331,-0.218209461,-3.033455433,3.25,7.15625,-1.875,16.0015,16.2625,-6.225416667,3.717916667,2.63675,-7.78275,-0.24275,9.433
619,2016,Visakhapatnam,Mumbai,5/13/2016,Mumbai Indians,Kings XI Punjab,Mumbai Indians,Kings XI Punjab,0,2.652029724,-10.36815659,-0.986301285,0.710450668,2.4895426,-1.304989395,-1.170851912,-0.919879413,1.10248025,-6.486643956,3.168047337,12.34425,0,6.375,-11.35,-18.05833333,15.64225,4.386833333,1.448916667,0.234083333,-0.881666667,5.860416667
620,2016,Bangalore,Bangalore,5/14/2016,Royal Challengers Bangalore,Gujarat Lions,Gujarat Lions,Royal Challengers Bangalore,1,3.684760716,5.716002956,-1.112546343,-2.771482971,2.880369528,6.576659797,-1.282747253,2.117290981,0.035908625,-1.547188955,12.84180984,-19.38975,8.08425,-15.65125,13.45725,7.529166667,-19.3855,17.9015,3.781083333,0.899166667,-0.335,15.52083333
621,2016,Kolkata,Kolkata,5/14/2016,Rising Pune Supergiants,Kolkata Knight Riders,Rising Pune Supergiants,Kolkata Knight Riders,1,-1.640492687,6.118953268,-1.037164856,-2.401267541,3.636258336,-5.789034628,-2.78895306,1.563091193,1.043786982,5.089355089,13.62175215,0,6.5,3.25,-2.416666667,1.50175,10.5675,1.778333333,0.165,21.36483333,2.283416667,-0.615
622,2016,Chandigarh,Punjab,5/15/2016,Kings XI Punjab,Sunrisers Hyderabad,Kings XI Punjab,Sunrisers Hyderabad,0,-7.322376965,-3.898658083,4.486243906,1.426884695,-2.836204928,4.478293754,-3.833927204,-3.453380938,-0.182679045,-1.321528745,-2.087907692,-14.58425,6.75,0.968833333,-2.479166667,-13.45725,15.88975,-2.4715,-2.776916667,7.835833333,-0.899166667,-15.52083333
623,2016,Visakhapatnam,Mumbai,5/15/2016,Mumbai Indians,Delhi Daredevils,Delhi Daredevils,Mumbai Indians,1,7.777282056,-6.211275662,-2.866446511,2.664535681,-0.201919158,-5.400077116,-3.671086011,2.489584066,0,1.677092308,1.590800794,19.5305,-3.25,16.99975,15.64225,0,-3.73875,-20.3625,-1.338,0,-1.64,-3.065333333
624,2016,Kolkata,Kolkata,5/16/2016,Kolkata Knight Riders,Royal Challengers Bangalore,Royal Challengers Bangalore,Royal Challengers Bangalore,0,-5.144696992,-2.524078824,-7.968819596,-4.932557413,6.833472694,-5.789034628,-3.122498844,5.34052709,-3.787998173,-1.156583372,16.25600773,-8.08425,6.75,-1.8,-2.88975,18.19166667,-2.416666667,1.321,0.870416667,1.556916667,-2.408333333,-2.475833333
625,2016,Visakhapatnam,Pune,5/17/2016,Delhi Daredevils,Rising Pune Supergiants,Rising Pune Supergiants,Rising Pune Supergiants,1,-2.991204691,-0.832798796,-4.106896095,-6.353490084,-5.28535169,10.95642294,0,-1.699059829,1.732905516,3.631092697,1.432915622,-3.25,0,-13.44833333,-3.25,-3.25,-3.04425,0,1.55375,5.9955,6.850416667,-13.55933333
626,2016,Bangalore,Bangalore,5/18/2016,Royal Challengers Bangalore,Kings XI Punjab,Kings XI Punjab,Royal Challengers Bangalore,1,4.680203743,2.338528068,-1.803186341,-5.975770399,7.115758694,8.587876483,-2.20632497,0.920246694,1.221671521,0.034061538,1.582630547,-7.43625,14.58425,-3.25,16.70725,-9.758333333,-15.55083333,17.9015,31.35,0.976666667,5.342916667,0.010833333
627,2016,Kanpur,Gujarat,5/19/2016,Kolkata Knight Riders,Gujarat Lions,Gujarat Lions,Gujarat Lions,1,2.78209914,-1.374579259,15.18679848,7.149351618,0.358502952,-0.314338352,-12.07406632,1.063531759,-1.063531759,3.566012378,-3.566012378,-1.20675,0,-3.642833333,-15.54141667,-12.40125,18.13041667,-6.5,-16.31225,16.31225,3.02,-3.02
628,2016,Raipur,Delhi,5/20/2016,Sunrisers Hyderabad,Delhi Daredevils,Delhi Daredevils,Delhi Daredevils,1,-6.093489315,-4.903356742,4.132150226,4.33416065,-6.537826956,1.589935865,-2.114125175,1.29083006,-2.705930377,1.204615385,2.486837607,-3.25,-7.15625,-7.138333333,-2.63775,-1.359333333,0,12.58916667,-1.4115,1.530333333,-14.11758333,8.5475
629,2016,Visakhapatnam,Pune,5/21/2016,Kings XI Punjab,Rising Pune Supergiants,Kings XI Punjab,Rising Pune Supergiants,1,-1.165676237,-3.962828349,-1.468877655,4.584468822,2.383965009,6.811901985,-0.312066404,-4.465607652,0,-2.352688386,-9.848351648,6.5,-7.18625,-3.25,-11.55833333,3.25,17.72075,-2.3875,6.254583333,0,-0.629166667,-4.899583333
630,2016,Kanpur,Gujarat,5/21/2016,Mumbai Indians,Gujarat Lions,Gujarat Lions,Gujarat Lions,1,2.320143486,0.632611871,-0.237210147,5.620726247,0.632611871,2.320143486,5.620726247,-0.237210147,-1.843057555,-0.195328151,-3.631092697,-6.5,-0.65625,-4.1195,0.770833333,-3.888333333,0.526833333,0.221083333,9.545,-1.556083333,-14.632,-6.687
631,2016,Kolkata,Kolkata,5/22/2016,Kolkata Knight Riders,Sunrisers Hyderabad,Sunrisers Hyderabad,Kolkata Knight Riders,1,-1.270210537,-3.939504016,-6.307808526,-2.508104712,1.858782489,-2.326387989,-2.583219126,-0.311111369,-1.370967519,3.537062937,14.46942897,-0.65625,0,0,-2.184,-0.229166667,-11.20416667,2.96,-14.68333333,-0.5115,1.925,1.846166667
632,2016,Raipur,Delhi,5/22/2016,Delhi Daredevils,Royal Challengers Bangalore,Royal Challengers Bangalore,Royal Challengers Bangalore,0,-6.495408996,-6.960498323,-6.641309385,-1.823184284,-5.593676419,-0.968652307,-1.480746269,14.20831834,-5.041323077,-1.126200594,1.543185005,-11.33425,0.25,-5.05,0,-19.95725,1.187666667,14.90316667,0.269166667,-15.35625,0.656916667,-0.888833333
633,2016,Bangalore,Bangalore,5/24/2016,Gujarat Lions,Royal Challengers Bangalore,Royal Challengers Bangalore,Royal Challengers Bangalore,1,5.416570915,5.716002956,-5.503683534,-2.771482971,1.148559328,6.153417083,-4.126480111,-4.338795165,2.117290981,-2.668502564,9.91960176,-1.020833333,8.08425,-8.893,13.45725,-10.83975,-15.65125,-4.734,18.13833333,3.781083333,0.899166667,4.174166667
634,2016,Delhi,Delhi,5/25/2016,Sunrisers Hyderabad,Kolkata Knight Riders,Kolkata Knight Riders,Sunrisers Hyderabad,0,4.742777311,0.466937243,7.714247131,-1.069326784,-7.164251149,0.527436891,2.897465607,0.440562739,3.677418501,-4.812432012,-3.813986014,0,0.65625,15.11666667,12.7515,-6.679166667,9.870166667,9.679166667,23.81508333,-6.861916667,-4.905,-1.846166667
635,2016,Delhi,Delhi,5/27/2016,Gujarat Lions,Sunrisers Hyderabad,Sunrisers Hyderabad,Sunrisers Hyderabad,0,-12.91781597,-1.841516502,3.623320577,-0.411752228,4.93438088,3.334114173,1.267507152,0.669088366,1.095501909,3.683724944,-0.173076923,-6.5,-0.65625,-4.1195,-12.7515,-9.6175,5.18625,12.40125,7.009666667,-2.967583333,2.50725,-8.867833333
636,2016,Bangalore,Bangalore,5/29/2016,Sunrisers Hyderabad,Royal Challengers Bangalore,Sunrisers Hyderabad,Sunrisers Hyderabad,0,-1.415425193,3.874486454,5.385600469,0.646194408,7.814750408,0.175419279,-1.145472867,-3.457391745,-2.975523732,5.801015924,2.087907692,-6.75,7.428,-7.9625,-16.0015,9.568916667,-10.7035,11.4015,2.5125,-2.905916667,7.125833333,4.286166667
